product_id,product_name,gender,category,pattern,color,age_group,season,price,material,sales_count,reviews_count,average_rating,out_of_stock_times,brand,discount,last_stock_date,wish_list_count,month_of_sale,year_of_sale,revenue
1001,Biker Jacket,Male,Shirt,Geometric,White,25-35,Spring,70.360000610351563,Synthetic,75,65,4.9000000953674316,3,ZARA,20,2018-01-28,211,1,2018,4222
1002,Business Shirt,Male,Jacket,Polka Dots,Beige,18-24,Summer,91.589996337890625,Wool,296,25,3.5,6,ZARA,0,2018-01-28,211,1,2018,27111
1003,Wool Jacket,Female,Dress,Geometric,Brown,18-24,All,129.52000427246094,Wool,50,32,4.3000001907348633,4,ZARA,5,2018-01-07,64,1,2018,6152
1004,Summer Dress,Male,Shorts,Plain,White,25-35,All,116.01000213623047,Cotton,435,73,4.5999999046325684,3,ZARA,10,2018-01-01,171,1,2018,45418
1005,Casual Jeans,Male,Shirt,Plain,Beige,35-45,Winter,125.48000335693359,Viscose,79,36,3.5999999046325684,4,ZARA,0,2018-01-28,126,1,2018,9913
1006,Business Shirt,Female,Shirt,Plain,Brown,35-45,Spring,23.899999618530273,Denim,332,96,4.6999998092651367,6,ZARA,15,2018-01-16,136,1,2018,6745
1007,Casual Jeans,Female,Blouse,Plain,Beige,25-35,All,27.950000762939453,Denim,100,92,4,3,ZARA,10,2018-01-02,170,1,2018,2516
1008,Heels,Male,Shoes,Geometric,Beige,25-35,Autumn,87.089996337890625,Viscose,333,97,3.2000000476837158,3,ZARA,0,2018-01-03,128,1,2018,29001
1009,Beach Shirt,Female,Shirt,Polka Dots,Brown,35-45,All,97.099998474121094,Denim,424,68,3.5,6,ZARA,10,2018-01-14,193,1,2018,37053
1010,Pattern Skirt,Female,Jeans,Plain,Brown,35-45,Summer,42.819999694824219,Synthetic,335,33,4.0999999046325684,6,ZARA,0,2018-01-21,248,1,2018,14345
1011,Business Shirt,Female,Dress,Plain,Beige,25-35,All,85.519996643066406,Synthetic,304,87,3.7000000476837158,2,ZARA,5,2018-01-01,213,1,2018,24698
1012,Blouse,Female,Jacket,Plain,White,18-24,Spring,36.110000610351563,Cotton,62,97,4.5999999046325684,5,ZARA,0,2018-02-12,73,2,2018,2239
1013,Chino Shorts,Female,Jeans,Heart,Red,25-35,Autumn,112.16000366210938,Leather,352,38,4.4000000953674316,4,ZARA,20,2018-02-19,181,2,2018,31584
1014,Pattern Skirt,Female,Jeans,Heart,Pink,18-24,Winter,91.959999084472656,Leather,461,48,4,5,ZARA,10,2018-02-21,88,2,2018,38154
1015,Blouse,Female,Shorts,Plain,Red,35-45,Spring,41.310001373291016,Denim,265,100,3.7000000476837158,3,ZARA,10,2018-02-08,130,2,2018,9852
1016,Blouse,Female,Jeans,Polka Dots,Pink,35-45,All,140.6300048828125,Synthetic,146,24,4.5999999046325684,6,ZARA,10,2018-02-10,181,2,2018,18479
1017,Pattern Skirt,Male,Shorts,Heart,White,18-24,Winter,76.419998168945313,Synthetic,296,73,3,6,ZARA,5,2018-02-24,84,2,2018,21489
1018,Summer Dress,Male,Skirt,Plain,Pink,18-24,Summer,113.34999847412109,Cotton Blend,247,79,3.2999999523162842,6,ZARA,5,2018-02-18,149,2,2018,26598
1019,Casual Jeans,Female,Shorts,Heart,Pink,18-24,Summer,90.370002746582031,Viscose,437,21,4.8000001907348633,4,ZARA,15,2018-02-06,153,2,2018,33568
1020,Pattern Skirt,Female,Skirt,Polka Dots,White,35-45,Spring,74.129997253417969,Synthetic,356,34,3.7999999523162842,2,ZARA,0,2018-02-25,139,2,2018,26390
1021,Blouse,Male,Skirt,Plain,Pink,35-45,All,25.479999542236328,Cotton,451,72,3.5999999046325684,1,ZARA,10,2018-02-22,54,2,2018,10342
1022,Blouse,Male,Jeans,Polka Dots,White,18-24,Summer,147.52000427246094,Cotton,189,37,3.9000000953674316,6,ZARA,15,2018-02-09,104,2,2018,23699
1023,Heels,Male,Shoes,Geometric,White,25-35,Autumn,137.00999450683594,Synthetic,426,54,4.1999998092651367,2,ZARA,15,2018-03-11,170,3,2018,49611
1024,Pattern Skirt,Male,Shoes,Geometric,Beige,18-24,Summer,87.580001831054688,Wool,377,75,4.8000001907348633,2,ZARA,5,2018-03-23,186,3,2018,31367
1025,Blouse,Female,Dress,Polka Dots,Beige,25-35,Winter,67.55999755859375,Cotton Blend,198,68,3.7999999523162842,5,ZARA,20,2018-03-18,149,3,2018,10702
1026,Casual Jeans,Male,Shorts,Polka Dots,White,18-24,Summer,71.040000915527344,Leather,405,67,3.2000000476837158,2,ZARA,15,2018-03-28,101,3,2018,24456
1027,Summer Dress,Male,Jeans,Geometric,White,35-45,Autumn,67.629997253417969,Viscose,177,42,4.5999999046325684,6,ZARA,20,2018-03-23,196,3,2018,9576
1028,Business Shirt,Male,Shorts,Polka Dots,Brown,35-45,Autumn,141.71000671386719,Viscose,234,44,4.0999999046325684,4,ZARA,15,2018-03-16,120,3,2018,28186
1029,Summer Dress,Female,Skirt,Geometric,Beige,18-24,All,57.569999694824219,Synthetic,78,38,3.2000000476837158,1,ZARA,10,2018-03-16,195,3,2018,4041
1030,Casual Jeans,Male,Dress,Polka Dots,Brown,35-45,Summer,73.830001831054688,Leather,244,69,3.9000000953674316,5,ZARA,10,2018-03-21,116,3,2018,16213
1031,Blouse,Male,Shorts,Geometric,Beige,35-45,Winter,62.270000457763672,Synthetic,381,87,4,2,ZARA,5,2018-03-17,181,3,2018,22539
1032,Biker Jacket,Female,Shirt,Geometric,Beige,18-24,All,60.630001068115234,Leather,142,88,4.5,3,ZARA,15,2018-03-22,64,3,2018,7318
1033,Beach Shirt,Male,Blouse,Plain,Brown,35-45,All,95.849998474121094,Cotton Blend,78,94,3.2999999523162842,5,ZARA,0,2018-03-04,212,3,2018,7476
1034,Blouse,Male,Skirt,Geometric,Brown,18-24,Autumn,115.58000183105469,Wool,168,95,3.5999999046325684,3,ZARA,5,2018-04-04,212,4,2018,18447
1035,Wool Jacket,Male,Skirt,Plain,Brown,25-35,Autumn,27.989999771118164,Wool,87,99,4.3000001907348633,5,ZARA,15,2018-04-24,247,4,2018,2070
1036,Casual Jeans,Female,Jeans,Geometric,Beige,35-45,Summer,51.700000762939453,Synthetic,123,24,3.0999999046325684,4,ZARA,5,2018-04-23,82,4,2018,6041
1037,Pattern Skirt,Male,Dress,Plain,White,18-24,Spring,119.51000213623047,Viscose,466,36,4.6999998092651367,1,ZARA,5,2018-04-13,95,4,2018,52907
1038,Beach Shirt,Male,Blouse,Geometric,White,35-45,All,143.33999633789063,Cotton Blend,205,81,4.1999998092651367,4,ZARA,20,2018-04-23,190,4,2018,23508
1039,Heels,Female,Shirt,Polka Dots,Beige,18-24,Autumn,88.760002136230469,Denim,360,43,3.0999999046325684,3,ZARA,0,2018-04-20,136,4,2018,31954
1040,Summer Dress,Male,Shorts,Geometric,Brown,18-24,Summer,128.53999328613281,Leather,138,46,3.5999999046325684,5,ZARA,0,2018-04-29,142,4,2018,17739
1041,Beach Shirt,Male,Shoes,Polka Dots,Beige,25-35,Winter,37.189998626708984,Wool,160,82,4,4,ZARA,15,2018-04-21,140,4,2018,5058
1042,Biker Jacket,Male,Blouse,Geometric,White,25-35,Winter,31.600000381469727,Leather,217,90,4.5999999046325684,3,ZARA,10,2018-04-06,155,4,2018,6171
1043,Biker Jacket,Male,Jacket,Polka Dots,Brown,35-45,Autumn,67.970001220703125,Denim,457,31,3,1,ZARA,10,2018-04-28,93,4,2018,27956
1044,Beach Shirt,Female,Jeans,Plain,Beige,25-35,Winter,131.64999389648438,Wool,424,43,4.4000000953674316,6,ZARA,20,2018-04-09,231,4,2018,44656
1045,Blouse,Male,Jacket,Plain,White,35-45,Summer,60.659999847412109,Denim,453,55,3.4000000953674316,6,ZARA,15,2018-05-20,82,5,2018,23357
1046,Heels,Male,Jacket,Plain,White,18-24,Autumn,129.25999450683594,Cotton,189,96,3.2999999523162842,5,ZARA,10,2018-05-19,198,5,2018,21987
1047,Beach Shirt,Male,Dress,Plain,White,18-24,Winter,100.12999725341797,Wool,180,100,3.5,1,ZARA,0,2018-05-06,171,5,2018,18023
1048,Biker Jacket,Female,Blouse,Plain,Beige,25-35,Winter,141.05000305175781,Synthetic,54,74,4.1999998092651367,2,ZARA,5,2018-05-25,65,5,2018,7236
1049,Chino Shorts,Male,Shorts,Geometric,Brown,25-35,Spring,99.370002746582031,Denim,170,77,4.5,1,ZARA,10,2018-05-16,241,5,2018,15204
1050,Chino Shorts,Female,Blouse,Geometric,Brown,35-45,Spring,54.619998931884766,Viscose,495,86,4.0999999046325684,5,ZARA,15,2018-05-07,188,5,2018,22981
1051,Business Shirt,Female,Dress,Geometric,Beige,18-24,Autumn,83.370002746582031,Wool,380,81,3.7000000476837158,6,ZARA,0,2018-05-02,154,5,2018,31681
1052,Business Shirt,Male,Jacket,Geometric,Beige,18-24,Summer,24.409999847412109,Wool,359,62,3.0999999046325684,6,ZARA,10,2018-05-19,208,5,2018,7887
1053,Pattern Skirt,Female,Shirt,Plain,White,18-24,Autumn,29.659999847412109,Cotton,257,95,3.7000000476837158,3,ZARA,5,2018-05-21,74,5,2018,7241
1054,Chino Shorts,Female,Jeans,Geometric,Beige,35-45,Winter,69.760002136230469,Synthetic,484,32,4.0999999046325684,2,ZARA,5,2018-05-07,157,5,2018,32076
1055,Beach Shirt,Female,Jacket,Geometric,Beige,25-35,Winter,56.5,Synthetic,265,50,3.5999999046325684,3,ZARA,20,2018-05-10,230,5,2018,11978
1056,Summer Dress,Male,Shorts,Geometric,Yellow,25-35,Winter,105.41000366210938,Denim,479,86,4.9000000953674316,4,ZARA,20,2018-06-19,98,6,2018,40393
1057,Pattern Skirt,Male,Skirt,Plain,White,25-35,Winter,101.62999725341797,Cotton Blend,357,100,3.0999999046325684,4,ZARA,20,2018-06-27,132,6,2018,29026
1058,Beach Shirt,Male,Jacket,Plain,Sky Blue,18-24,Summer,43.439998626708984,Denim,304,29,4.6999998092651367,1,ZARA,0,2018-06-18,156,6,2018,13206
1059,Casual Jeans,Female,Jacket,Geometric,Yellow,25-35,Winter,72.400001525878906,Denim,149,35,4.5999999046325684,2,ZARA,10,2018-06-02,247,6,2018,9709
1060,Biker Jacket,Male,Blouse,Plain,Sky Blue,25-35,Spring,129.19999694824219,Wool,373,94,3.4000000953674316,6,ZARA,10,2018-06-22,228,6,2018,43372
1061,Blouse,Male,Shirt,Geometric,Yellow,35-45,Autumn,141.72999572753906,Denim,148,45,4.4000000953674316,6,ZARA,15,2018-06-17,218,6,2018,17830
1062,Biker Jacket,Male,Dress,Geometric,Yellow,18-24,Winter,60.770000457763672,Denim,238,66,3.7999999523162842,6,ZARA,15,2018-06-01,182,6,2018,12294
1063,Business Shirt,Female,Jacket,Geometric,Yellow,35-45,All,149.66000366210938,Wool,463,71,3.7999999523162842,1,ZARA,10,2018-06-29,160,6,2018,62363
1064,Heels,Male,Shirt,Floral,White,18-24,Autumn,63.330001831054688,Leather,381,98,4.5999999046325684,3,ZARA,15,2018-06-23,105,6,2018,20509
1065,Pattern Skirt,Male,Shorts,Geometric,Yellow,25-35,Summer,149.32000732421875,Leather,187,99,3.0999999046325684,5,ZARA,0,2018-06-04,96,6,2018,27923
1066,Biker Jacket,Female,Blouse,Plain,Yellow,35-45,Spring,83.69000244140625,Viscose,123,94,3.7000000476837158,1,ZARA,10,2018-06-23,127,6,2018,9264
1067,Casual Jeans,Female,Blouse,Polka Dots,White,18-24,All,27.100000381469727,Viscose,492,95,4.6999998092651367,5,ZARA,10,2018-07-05,229,7,2018,12000
1068,Business Shirt,Female,Skirt,Geometric,White,35-45,Winter,142.69000244140625,Wool,79,95,3.4000000953674316,6,ZARA,15,2018-07-04,179,7,2018,9582
1069,Biker Jacket,Male,Blouse,Geometric,White,35-45,Winter,146.8800048828125,Denim,244,53,4.6999998092651367,4,ZARA,0,2018-07-25,67,7,2018,35839
1070,Beach Shirt,Male,Dress,Polka Dots,Beige,35-45,Winter,94.279998779296875,Denim,324,39,4.6999998092651367,2,ZARA,15,2018-07-01,235,7,2018,25965
1071,Chino Shorts,Female,Jacket,Geometric,Brown,25-35,Summer,31.700000762939453,Wool,132,94,4.1999998092651367,1,ZARA,15,2018-07-06,221,7,2018,3557
1072,Summer Dress,Female,Jeans,Geometric,White,25-35,Winter,86.739997863769531,Denim,326,94,3.5999999046325684,6,ZARA,15,2018-07-22,54,7,2018,24036
1073,Chino Shorts,Male,Shirt,Geometric,Beige,25-35,All,39.599998474121094,Synthetic,125,86,3.5999999046325684,5,ZARA,5,2018-07-22,211,7,2018,4702
1074,Wool Jacket,Male,Shoes,Plain,Beige,35-45,Summer,71.080001831054688,Denim,165,74,3.5,3,ZARA,0,2018-07-22,250,7,2018,11728
1075,Biker Jacket,Male,Jacket,Geometric,Brown,18-24,Winter,25.479999542236328,Denim,326,97,3.7999999523162842,6,ZARA,15,2018-07-01,207,7,2018,7061
1076,Wool Jacket,Male,Shoes,Polka Dots,Brown,35-45,Summer,46.259998321533203,Leather,161,95,3.4000000953674316,2,ZARA,0,2018-07-24,218,7,2018,7448
1077,Casual Jeans,Male,Blouse,Plain,Beige,35-45,Spring,30.530000686645508,Cotton Blend,264,59,4.5,1,ZARA,20,2018-07-24,183,7,2018,6448
1078,Biker Jacket,Female,Shoes,Plain,White,25-35,All,51.069999694824219,Cotton,284,48,3.7000000476837158,6,ZARA,15,2018-08-15,221,8,2018,12328
1079,Heels,Male,Skirt,Polka Dots,White,35-45,Winter,85.569999694824219,Denim,147,87,3.2999999523162842,3,ZARA,0,2018-08-22,205,8,2018,12579
1080,Summer Dress,Male,Skirt,Polka Dots,Brown,18-24,Spring,118.81999969482422,Wool,301,62,3.2999999523162842,1,ZARA,5,2018-08-28,147,8,2018,33977
1081,Wool Jacket,Female,Skirt,Geometric,Beige,35-45,Spring,68.279998779296875,Cotton Blend,227,68,4.4000000953674316,6,ZARA,5,2018-08-27,227,8,2018,14725
1082,Blouse,Female,Dress,Plain,Brown,25-35,All,28.409999847412109,Wool,91,21,4.4000000953674316,6,ZARA,0,2018-08-06,225,8,2018,2585
1083,Summer Dress,Female,Shorts,Geometric,White,35-45,Winter,98.589996337890625,Denim,268,83,3.2000000476837158,2,ZARA,5,2018-08-01,239,8,2018,25101
1084,Blouse,Male,Blouse,Polka Dots,White,35-45,Spring,76.860000610351563,Leather,323,80,4.6999998092651367,6,ZARA,10,2018-08-17,233,8,2018,22343
1085,Blouse,Male,Shoes,Plain,Brown,25-35,All,104.73000335693359,Viscose,427,87,4,4,ZARA,5,2018-08-21,66,8,2018,42484
1086,Summer Dress,Female,Jeans,Geometric,Brown,18-24,Summer,64.050003051757813,Denim,456,53,4.5,5,ZARA,10,2018-08-10,204,8,2018,26286
1087,Chino Shorts,Male,Shoes,Geometric,Beige,25-35,All,114.91999816894531,Synthetic,200,39,3.4000000953674316,6,ZARA,5,2018-08-03,185,8,2018,21835
1088,Summer Dress,Male,Blouse,Plain,Beige,35-45,Spring,77.110000610351563,Cotton,170,100,4.0999999046325684,1,ZARA,15,2018-08-26,152,8,2018,11142
1089,Wool Jacket,Female,Blouse,Plain,Beige,25-35,Spring,102.62999725341797,Denim,420,34,3.7000000476837158,2,ZARA,20,2018-09-25,91,9,2018,34484
1090,Heels,Male,Skirt,Plain,Brown,35-45,Winter,47.319999694824219,Leather,100,40,3.7000000476837158,5,ZARA,10,2018-09-10,125,9,2018,4259
1091,Wool Jacket,Female,Shirt,Plain,Beige,25-35,Spring,49.040000915527344,Viscose,126,65,4.5,1,ZARA,10,2018-09-17,58,9,2018,5561
1092,Summer Dress,Male,Shirt,Polka Dots,Brown,18-24,Spring,108.81999969482422,Cotton,107,43,4.8000001907348633,5,ZARA,15,2018-09-29,88,9,2018,9897
1093,Business Shirt,Male,Blouse,Polka Dots,Beige,18-24,Winter,108.97000122070313,Cotton Blend,176,45,4.1999998092651367,3,ZARA,15,2018-09-18,203,9,2018,16302
1094,Casual Jeans,Male,Skirt,Polka Dots,Brown,25-35,All,134.6300048828125,Denim,486,64,3.7000000476837158,1,ZARA,10,2018-09-08,178,9,2018,58887
1095,Pattern Skirt,Female,Shoes,Polka Dots,Beige,18-24,All,51.729999542236328,Cotton,86,71,3.0999999046325684,1,ZARA,5,2018-09-19,95,9,2018,4226
1096,Wool Jacket,Female,Blouse,Polka Dots,White,35-45,Winter,108.59999847412109,Cotton,288,73,3.9000000953674316,3,ZARA,0,2018-09-21,87,9,2018,31277
1097,Biker Jacket,Male,Shirt,Geometric,White,35-45,Winter,80.379997253417969,Synthetic,200,62,3.9000000953674316,4,ZARA,5,2018-09-26,121,9,2018,15272
1098,Blouse,Female,Dress,Polka Dots,Beige,18-24,Summer,149.8800048828125,Viscose,73,35,3.9000000953674316,5,ZARA,5,2018-09-14,227,9,2018,10394
1099,Wool Jacket,Male,Jeans,Plain,Brown,18-24,Summer,47.180000305175781,Cotton Blend,225,82,4.0999999046325684,6,ZARA,15,2018-09-04,198,9,2018,9023
1100,Casual Jeans,Female,Skirt,Striped,Orange,35-45,Summer,31.899999618530273,Viscose,418,52,3.5,2,ZARA,10,2018-10-01,144,10,2018,12001
1101,Heels,Male,Skirt,Striped,Orange,25-35,Summer,79.230003356933594,Synthetic,195,22,3.7000000476837158,1,ZARA,0,2018-10-01,215,10,2018,15450
1102,Blouse,Female,Shoes,Striped,Orange,18-24,All,94.55999755859375,Synthetic,396,50,3.5999999046325684,3,ZARA,20,2018-10-04,238,10,2018,29957
1103,Heels,Male,Dress,Striped,Orange,25-35,Summer,89.519996643066406,Cotton,388,80,3.7000000476837158,2,ZARA,5,2018-10-20,247,10,2018,32997
1104,Wool Jacket,Female,Skirt,Striped,Black,35-45,All,65.110000610351563,Wool,184,78,3.4000000953674316,5,ZARA,0,2018-10-18,141,10,2018,11980
1105,Beach Shirt,Female,Shorts,Plain,Black,35-45,Spring,70.360000610351563,Viscose,476,36,3.7000000476837158,6,ZARA,20,2018-10-29,158,10,2018,26793
1106,Chino Shorts,Female,Jeans,Striped,Orange,18-24,All,92.349998474121094,Viscose,273,70,4.3000001907348633,3,ZARA,5,2018-10-26,248,10,2018,23951
1107,Beach Shirt,Female,Shorts,Striped,Black,35-45,Summer,120.04000091552734,Cotton,354,61,3,5,ZARA,5,2018-10-04,238,10,2018,40369
1108,Beach Shirt,Male,Blouse,Striped,Black,18-24,All,37.229999542236328,Synthetic,462,92,3.7999999523162842,6,ZARA,20,2018-10-09,169,10,2018,13760
1109,Business Shirt,Female,Shirt,Striped,Orange,25-35,Winter,76.220001220703125,Cotton,248,55,4.6999998092651367,2,ZARA,10,2018-10-10,83,10,2018,17012
1110,Summer Dress,Female,Skirt,Striped,Black,25-35,Autumn,63.490001678466797,Viscose,96,42,4.0999999046325684,1,ZARA,5,2018-10-27,230,10,2018,5790
1111,Chino Shorts,Female,Jeans,Geometric,White,18-24,All,113.19000244140625,Wool,386,28,3.2000000476837158,6,ZARA,0,2018-11-05,78,11,2018,43691
1112,Beach Shirt,Male,Shirt,Polka Dots,White,35-45,Autumn,138.77999877929688,Viscose,427,23,3.2999999523162842,6,ZARA,15,2018-11-12,177,11,2018,50370
1113,Business Shirt,Male,Shoes,Geometric,White,18-24,Winter,75.580001831054688,Leather,287,35,3.7999999523162842,3,ZARA,20,2018-11-27,159,11,2018,17353
1114,Blouse,Male,Shirt,Geometric,Navy Blue,25-35,Winter,36.279998779296875,Viscose,303,82,3,6,ZARA,5,2018-11-22,131,11,2018,10443
1115,Chino Shorts,Male,Jacket,Geometric,Grey,25-35,Spring,139.6300048828125,Denim,283,89,3.5999999046325684,5,ZARA,0,2018-11-21,94,11,2018,39515
1116,Pattern Skirt,Female,Shoes,Plain,Navy Blue,25-35,Summer,143.08999633789063,Synthetic,291,46,4.3000001907348633,4,ZARA,5,2018-11-11,56,11,2018,39557
1117,Casual Jeans,Female,Shoes,Geometric,Grey,25-35,Winter,68.970001220703125,Viscose,221,67,4.5,1,ZARA,0,2018-11-15,110,11,2018,15242
1118,Wool Jacket,Female,Jacket,Polka Dots,Navy Blue,35-45,Autumn,45.5,Viscose,69,96,3.5,4,ZARA,15,2018-11-25,249,11,2018,2669
1119,Biker Jacket,Male,Skirt,Plain,White,35-45,Spring,128.00999450683594,Wool,461,26,3.5999999046325684,3,ZARA,10,2018-11-20,81,11,2018,53111
1120,Heels,Female,Jacket,Geometric,Navy Blue,25-35,All,99.839996337890625,Cotton,207,78,4.0999999046325684,1,ZARA,20,2018-11-06,125,11,2018,16534
1121,Blouse,Male,Shirt,Polka Dots,Grey,35-45,Spring,111.33999633789063,Viscose,103,45,4.3000001907348633,4,ZARA,10,2018-11-20,60,11,2018,10321
1122,Summer Dress,Female,Skirt,Geometric,Red,25-35,Summer,63.779998779296875,Viscose,117,70,4.6999998092651367,4,ZARA,20,2018-12-04,131,12,2018,5970
1123,Summer Dress,Male,Shoes,Plain,White,18-24,Autumn,86.360000610351563,Wool,223,89,4.5999999046325684,3,ZARA,20,2018-12-05,185,12,2018,15407
1124,Chino Shorts,Male,Shorts,Plain,White,35-45,All,140.75,Leather,113,78,4.9000000953674316,3,ZARA,15,2018-12-05,86,12,2018,13519
1125,Beach Shirt,Male,Skirt,Geometric,Green,18-24,Autumn,120.83999633789063,Leather,348,96,4.0999999046325684,5,ZARA,10,2018-12-08,199,12,2018,37847
1126,Business Shirt,Female,Dress,Geometric,Red,18-24,Autumn,48.849998474121094,Viscose,178,36,4.5,4,ZARA,10,2018-12-01,238,12,2018,7826
1127,Summer Dress,Male,Jeans,Polka Dots,Green,18-24,All,35.099998474121094,Synthetic,289,36,3.5,3,ZARA,5,2018-12-18,173,12,2018,9637
1128,Casual Jeans,Female,Skirt,Plain,White,25-35,Spring,143.1300048828125,Cotton,496,63,4.5999999046325684,6,ZARA,10,2018-12-26,109,12,2018,63893
1129,Beach Shirt,Male,Shorts,Geometric,Red,35-45,Spring,69.510002136230469,Cotton Blend,210,92,4.9000000953674316,4,ZARA,15,2018-12-13,154,12,2018,12408
1130,Chino Shorts,Female,Shoes,Polka Dots,Red,25-35,Spring,35.900001525878906,Wool,452,70,3.7000000476837158,1,ZARA,10,2018-12-05,222,12,2018,14604
1131,Casual Jeans,Male,Shoes,Plain,Red,18-24,Autumn,52.209999084472656,Wool,51,25,4.8000001907348633,2,ZARA,20,2018-12-16,223,12,2018,2130
1132,Pattern Skirt,Male,Jacket,Geometric,Green,25-35,Winter,45.360000610351563,Wool,493,54,4.0999999046325684,1,ZARA,15,2018-12-02,66,12,2018,19008
1133,Heels,Female,Jeans,Geometric,White,18-24,Winter,56.450000762939453,Synthetic,306,67,4.5,2,ZARA,0,2019-01-03,144,1,2019,17274
1134,Heels,Male,Jeans,Plain,White,25-35,Autumn,126.66000366210938,Cotton Blend,378,71,4.3000001907348633,2,ZARA,5,2019-01-15,189,1,2019,45484
1135,Biker Jacket,Male,Shirt,Plain,White,35-45,Spring,121.98999786376953,Cotton,247,23,4.5,4,ZARA,15,2019-01-16,111,1,2019,25612
1136,Heels,Female,Shoes,Geometric,Beige,35-45,Spring,107.51999664306641,Cotton Blend,302,70,3,6,ZARA,20,2019-01-04,223,1,2019,25977
1137,Blouse,Female,Shirt,Plain,Beige,25-35,Summer,37.610000610351563,Cotton Blend,374,37,3.4000000953674316,6,ZARA,10,2019-01-07,235,1,2019,12660
1138,Wool Jacket,Male,Shoes,Geometric,White,35-45,All,108.27999877929688,Viscose,415,52,4.9000000953674316,3,ZARA,0,2019-01-27,59,1,2019,44936
1139,Chino Shorts,Male,Blouse,Plain,Beige,35-45,Autumn,35.919998168945313,Synthetic,77,41,3.5999999046325684,3,ZARA,5,2019-01-15,145,1,2019,2628
1140,Chino Shorts,Female,Shirt,Geometric,Brown,18-24,Autumn,116.34999847412109,Leather,134,47,4.0999999046325684,3,ZARA,5,2019-01-03,203,1,2019,14811
1141,Blouse,Female,Jeans,Polka Dots,Beige,35-45,Spring,109.51999664306641,Leather,329,37,3,1,ZARA,0,2019-01-12,128,1,2019,36032
1142,Blouse,Male,Skirt,Plain,Brown,18-24,Summer,86.910003662109375,Leather,292,59,4.3000001907348633,5,ZARA,15,2019-01-10,111,1,2019,21571
1143,Casual Jeans,Female,Jeans,Polka Dots,White,18-24,Winter,142.33999633789063,Synthetic,111,100,4.5,6,ZARA,15,2019-01-23,92,1,2019,13430
1144,Blouse,Male,Dress,Polka Dots,Red,35-45,All,48.979999542236328,Synthetic,450,89,4,2,ZARA,10,2019-02-22,112,2,2019,19837
1145,Blouse,Female,Shoes,Polka Dots,Red,25-35,All,71.529998779296875,Denim,443,54,4.1999998092651367,4,ZARA,15,2019-02-01,216,2,2019,26935
1146,Pattern Skirt,Male,Dress,Heart,Red,25-35,Winter,142.33000183105469,Cotton Blend,265,42,3.2999999523162842,2,ZARA,5,2019-02-18,145,2,2019,35832
1147,Casual Jeans,Male,Shirt,Polka Dots,Red,18-24,Summer,141.77999877929688,Leather,432,25,4,3,ZARA,20,2019-02-02,155,2,2019,48999
1148,Business Shirt,Female,Jeans,Polka Dots,Pink,18-24,Spring,35.069999694824219,Wool,92,38,3.9000000953674316,5,ZARA,10,2019-02-21,92,2,2019,2904
1149,Wool Jacket,Female,Dress,Plain,Red,35-45,Spring,142.38999938964844,Leather,321,68,4.0999999046325684,5,ZARA,0,2019-02-25,126,2,2019,45707
1150,Blouse,Male,Shoes,Polka Dots,Pink,25-35,Summer,87.160003662109375,Cotton,250,50,3.7000000476837158,4,ZARA,15,2019-02-04,158,2,2019,18522
1151,Business Shirt,Female,Dress,Polka Dots,Red,18-24,Spring,21.780000686645508,Cotton,296,27,3.9000000953674316,4,ZARA,0,2019-02-28,97,2,2019,6447
1152,Business Shirt,Male,Skirt,Polka Dots,Pink,18-24,All,23.690000534057617,Denim,242,69,3.7999999523162842,4,ZARA,5,2019-02-26,56,2,2019,5446
1153,Summer Dress,Male,Shoes,Heart,Pink,25-35,Winter,50.909999847412109,Viscose,269,26,3.0999999046325684,5,ZARA,5,2019-02-25,220,2,2019,13010
1154,Biker Jacket,Female,Blouse,Polka Dots,Pink,18-24,Spring,24.049999237060547,Viscose,229,43,4.6999998092651367,4,ZARA,0,2019-02-15,216,2,2019,5507
1155,Pattern Skirt,Female,Shorts,Polka Dots,White,35-45,Winter,104.06999969482422,Cotton Blend,159,38,4.5,4,ZARA,0,2019-03-07,93,3,2019,16547
1156,Wool Jacket,Male,Shoes,Plain,White,18-24,All,24.139999389648438,Synthetic,223,65,3.7000000476837158,2,ZARA,5,2019-03-21,131,3,2019,5114
1157,Blouse,Female,Dress,Polka Dots,Brown,35-45,Autumn,102.25,Viscose,152,52,4,4,ZARA,10,2019-03-11,68,3,2019,13988
1158,Casual Jeans,Female,Jacket,Geometric,Beige,18-24,All,71.419998168945313,Cotton Blend,378,92,3.2999999523162842,1,ZARA,5,2019-03-01,121,3,2019,25647
1159,Blouse,Female,Dress,Polka Dots,Brown,35-45,Summer,136.57000732421875,Viscose,356,92,3.5,2,ZARA,5,2019-03-15,65,3,2019,46188
1160,Beach Shirt,Male,Dress,Geometric,Beige,18-24,Spring,53.919998168945313,Denim,149,86,4.8000001907348633,4,ZARA,5,2019-03-17,116,3,2019,7632
1161,Casual Jeans,Female,Shorts,Plain,Beige,25-35,Summer,121.05000305175781,Cotton,496,51,4.9000000953674316,4,ZARA,20,2019-03-23,66,3,2019,48033
1162,Business Shirt,Male,Skirt,Geometric,Brown,35-45,Autumn,22.680000305175781,Viscose,492,72,4.3000001907348633,6,ZARA,5,2019-03-22,164,3,2019,10601
1163,Business Shirt,Female,Shorts,Geometric,Brown,25-35,Spring,64.660003662109375,Denim,194,90,3.7999999523162842,2,ZARA,10,2019-03-25,152,3,2019,11290
1164,Wool Jacket,Female,Jeans,Polka Dots,White,35-45,Winter,146.69000244140625,Synthetic,91,51,3.7000000476837158,6,ZARA,5,2019-03-11,80,3,2019,12681
1165,Wool Jacket,Male,Shorts,Plain,Brown,25-35,All,44.770000457763672,Denim,238,35,3.0999999046325684,4,ZARA,20,2019-03-22,94,3,2019,8524
1166,Blouse,Male,Dress,Plain,Brown,18-24,Summer,41.849998474121094,Denim,283,30,3.7000000476837158,3,ZARA,5,2019-04-07,218,4,2019,11251
1167,Wool Jacket,Male,Shoes,Geometric,Beige,35-45,Spring,62,Leather,208,38,4.6999998092651367,4,ZARA,15,2019-04-29,173,4,2019,10962
1168,Wool Jacket,Male,Jeans,Plain,Brown,35-45,All,32.279998779296875,Cotton Blend,100,96,3.7999999523162842,4,ZARA,20,2019-04-13,110,4,2019,2582
1169,Wool Jacket,Male,Shoes,Polka Dots,White,25-35,Spring,101.58000183105469,Leather,124,69,4.3000001907348633,6,ZARA,0,2019-04-12,64,4,2019,12596
1170,Summer Dress,Male,Shorts,Plain,White,18-24,All,136.47999572753906,Synthetic,259,67,4.3000001907348633,4,ZARA,10,2019-04-29,139,4,2019,31813
1171,Business Shirt,Male,Blouse,Polka Dots,White,25-35,Autumn,142.75,Wool,272,24,3.7000000476837158,1,ZARA,0,2019-04-11,227,4,2019,38828
1172,Chino Shorts,Female,Jacket,Plain,Beige,35-45,All,147.97999572753906,Leather,161,50,4.4000000953674316,6,ZARA,10,2019-04-11,198,4,2019,21442
1173,Casual Jeans,Male,Blouse,Plain,White,25-35,Winter,72.860000610351563,Viscose,160,23,4,1,ZARA,20,2019-04-10,155,4,2019,9326
1174,Beach Shirt,Female,Skirt,Plain,Beige,35-45,Spring,61.819999694824219,Wool,205,99,3.5999999046325684,6,ZARA,20,2019-04-14,124,4,2019,10138
1175,Beach Shirt,Male,Skirt,Polka Dots,Beige,25-35,All,45.029998779296875,Cotton,152,100,5,6,ZARA,10,2019-04-01,208,4,2019,6160
1176,Beach Shirt,Male,Shorts,Plain,White,18-24,Summer,130.36000061035156,Denim,317,61,4.6999998092651367,3,ZARA,5,2019-04-19,210,4,2019,39258
1177,Biker Jacket,Male,Shorts,Plain,White,25-35,Autumn,33.049999237060547,Cotton,461,82,4.6999998092651367,4,ZARA,10,2019-05-25,241,5,2019,13712
1178,Heels,Female,Shoes,Plain,White,18-24,Summer,109.11000061035156,Denim,70,36,4.3000001907348633,3,ZARA,10,2019-05-26,98,5,2019,6874
1179,Beach Shirt,Male,Shoes,Geometric,Beige,25-35,Autumn,64.910003662109375,Viscose,311,71,3.9000000953674316,3,ZARA,10,2019-05-03,172,5,2019,18168
1180,Business Shirt,Male,Shoes,Geometric,Brown,35-45,All,101.08000183105469,Cotton,387,98,3,6,ZARA,0,2019-05-19,184,5,2019,39118
1181,Pattern Skirt,Male,Shoes,Geometric,Brown,35-45,Autumn,119.61000061035156,Denim,399,54,4.0999999046325684,5,ZARA,15,2019-05-28,240,5,2019,40566
1182,Casual Jeans,Female,Skirt,Plain,Brown,25-35,Winter,36.909999847412109,Leather,135,39,4.9000000953674316,2,ZARA,20,2019-05-08,217,5,2019,3986
1183,Beach Shirt,Female,Skirt,Plain,Beige,18-24,All,104.62000274658203,Leather,375,98,4.4000000953674316,5,ZARA,20,2019-05-15,52,5,2019,31386
1184,Beach Shirt,Female,Blouse,Polka Dots,White,18-24,Autumn,143.72999572753906,Cotton,72,51,4.4000000953674316,6,ZARA,5,2019-05-27,67,5,2019,9831
1185,Biker Jacket,Male,Shorts,Geometric,Beige,35-45,Spring,69.040000915527344,Wool,500,38,4.0999999046325684,5,ZARA,5,2019-05-09,83,5,2019,32794
1186,Chino Shorts,Male,Shorts,Geometric,Beige,25-35,Autumn,29.899999618530273,Cotton,155,21,3.5,2,ZARA,20,2019-05-03,179,5,2019,3708
1187,Wool Jacket,Male,Shoes,Plain,Brown,35-45,All,107.13999938964844,Leather,440,92,4.6999998092651367,1,ZARA,20,2019-05-23,135,5,2019,37713
1188,Blouse,Female,Skirt,Geometric,White,25-35,All,130.49000549316406,Wool,367,44,4.3000001907348633,6,ZARA,20,2019-06-01,194,6,2019,38312
1189,Casual Jeans,Female,Dress,Geometric,Sky Blue,25-35,All,86.089996337890625,Cotton Blend,279,57,3.0999999046325684,3,ZARA,5,2019-06-29,131,6,2019,22818
1190,Summer Dress,Male,Shorts,Floral,Yellow,25-35,Summer,123.72000122070313,Leather,301,90,4.6999998092651367,2,ZARA,0,2019-06-01,167,6,2019,37240
1191,Summer Dress,Female,Shirt,Plain,Yellow,35-45,Autumn,28.680000305175781,Wool,130,90,3.5,3,ZARA,5,2019-06-28,94,6,2019,3542
1192,Casual Jeans,Female,Jacket,Geometric,White,25-35,Winter,69.400001525878906,Cotton Blend,246,93,4.8000001907348633,6,ZARA,5,2019-06-04,192,6,2019,16219
1193,Pattern Skirt,Female,Shorts,Plain,White,18-24,Summer,80.94000244140625,Viscose,211,46,3.7000000476837158,1,ZARA,20,2019-06-14,133,6,2019,13663
1194,Blouse,Male,Skirt,Geometric,Sky Blue,18-24,Winter,52,Leather,460,49,4.0999999046325684,2,ZARA,20,2019-06-07,176,6,2019,19136
1195,Summer Dress,Female,Blouse,Plain,Sky Blue,18-24,Winter,43.520000457763672,Cotton Blend,314,73,3.5,5,ZARA,10,2019-06-17,213,6,2019,12299
1196,Pattern Skirt,Male,Shorts,Plain,Yellow,25-35,Autumn,102.05999755859375,Cotton Blend,93,50,4,4,ZARA,20,2019-06-17,92,6,2019,7593
1197,Beach Shirt,Female,Dress,Floral,Yellow,25-35,Winter,108.69000244140625,Wool,186,77,3.5999999046325684,3,ZARA,20,2019-06-02,224,6,2019,16173
1198,Biker Jacket,Male,Shirt,Plain,Sky Blue,35-45,Summer,40.569999694824219,Viscose,51,64,4.3000001907348633,2,ZARA,5,2019-06-26,218,6,2019,1966
1199,Blouse,Male,Shorts,Polka Dots,Brown,35-45,Winter,60.459999084472656,Leather,391,53,4,1,ZARA,15,2019-07-01,80,7,2019,20094
1200,Chino Shorts,Male,Dress,Polka Dots,White,35-45,Spring,96.349998474121094,Wool,84,69,4.0999999046325684,4,ZARA,20,2019-07-22,227,7,2019,6475
1201,Wool Jacket,Female,Dress,Polka Dots,Beige,18-24,All,133.44999694824219,Cotton Blend,318,21,3.5999999046325684,5,ZARA,10,2019-07-26,110,7,2019,38193
1202,Blouse,Female,Shoes,Plain,Beige,18-24,Spring,65.430000305175781,Cotton,387,88,3.5999999046325684,5,ZARA,20,2019-07-19,142,7,2019,20257
1203,Chino Shorts,Female,Blouse,Geometric,Beige,18-24,Winter,121.45999908447266,Cotton Blend,469,73,4.1999998092651367,3,ZARA,5,2019-07-05,201,7,2019,54117
1204,Heels,Male,Blouse,Geometric,Beige,18-24,Winter,88.879997253417969,Leather,440,58,4.1999998092651367,5,ZARA,10,2019-07-28,172,7,2019,35196
1205,Summer Dress,Male,Shorts,Polka Dots,Brown,35-45,All,55.970001220703125,Leather,68,84,4.8000001907348633,5,ZARA,0,2019-07-11,196,7,2019,3806
1206,Heels,Male,Jeans,Plain,Beige,25-35,Winter,94.319999694824219,Cotton,73,100,4.5999999046325684,4,ZARA,5,2019-07-05,122,7,2019,6541
1207,Summer Dress,Male,Blouse,Geometric,Brown,18-24,Winter,100.05999755859375,Leather,165,75,4.8000001907348633,2,ZARA,5,2019-07-01,146,7,2019,15684
1208,Biker Jacket,Female,Shoes,Geometric,White,18-24,Winter,35.770000457763672,Wool,137,47,3.2000000476837158,1,ZARA,0,2019-07-06,144,7,2019,4900
1209,Summer Dress,Female,Jeans,Geometric,White,18-24,Winter,51.939998626708984,Viscose,471,29,4.3000001907348633,3,ZARA,10,2019-07-25,79,7,2019,22017
1210,Summer Dress,Male,Jacket,Geometric,White,25-35,Spring,23.549999237060547,Denim,161,81,3.7000000476837158,5,ZARA,10,2019-08-04,181,8,2019,3412
1211,Chino Shorts,Female,Dress,Geometric,Beige,25-35,Winter,131.66000366210938,Cotton Blend,360,68,4.5,5,ZARA,10,2019-08-25,147,8,2019,42658
1212,Summer Dress,Male,Jeans,Polka Dots,Beige,35-45,Autumn,111.79000091552734,Denim,426,67,3.5999999046325684,2,ZARA,10,2019-08-11,239,8,2019,42860
1213,Business Shirt,Female,Skirt,Plain,Brown,35-45,Autumn,59.119998931884766,Synthetic,88,63,4.3000001907348633,6,ZARA,10,2019-08-20,227,8,2019,4682
1214,Beach Shirt,Female,Jacket,Geometric,Brown,35-45,All,105.66999816894531,Viscose,353,26,4.0999999046325684,3,ZARA,15,2019-08-13,206,8,2019,31706
1215,Beach Shirt,Female,Shirt,Plain,Beige,25-35,All,69.629997253417969,Wool,118,48,5,5,ZARA,5,2019-08-04,162,8,2019,7806
1216,Chino Shorts,Male,Skirt,Geometric,Brown,25-35,All,127.66000366210938,Cotton,338,40,3.7000000476837158,4,ZARA,20,2019-08-07,153,8,2019,34519
1217,Wool Jacket,Female,Jeans,Plain,White,25-35,Spring,99.160003662109375,Cotton,232,77,3.0999999046325684,1,ZARA,15,2019-08-24,247,8,2019,19554
1218,Casual Jeans,Male,Skirt,Plain,Beige,18-24,Winter,44.569999694824219,Cotton,431,94,4,5,ZARA,5,2019-08-02,142,8,2019,18249
1219,Summer Dress,Male,Dress,Plain,White,25-35,All,110.98999786376953,Cotton Blend,351,54,3.9000000953674316,2,ZARA,15,2019-08-17,75,8,2019,33114
1220,Casual Jeans,Female,Shorts,Plain,White,25-35,All,54.680000305175781,Wool,394,22,4.5,2,ZARA,20,2019-08-12,90,8,2019,17235
1221,Summer Dress,Male,Blouse,Plain,Brown,18-24,Winter,82.849998474121094,Synthetic,472,89,4.4000000953674316,3,ZARA,20,2019-09-12,77,9,2019,31284
1222,Beach Shirt,Female,Shoes,Plain,White,35-45,Winter,46.490001678466797,Wool,445,40,4.5,1,ZARA,15,2019-09-07,187,9,2019,17585
1223,Heels,Female,Shirt,Plain,Brown,25-35,All,47.979999542236328,Wool,59,35,4.6999998092651367,4,ZARA,10,2019-09-23,232,9,2019,2548
1224,Beach Shirt,Female,Dress,Plain,Beige,25-35,Spring,147.19000244140625,Cotton Blend,90,52,4.0999999046325684,2,ZARA,0,2019-09-10,84,9,2019,13247
1225,Beach Shirt,Female,Shorts,Plain,Beige,25-35,Autumn,30.270000457763672,Viscose,494,100,4.6999998092651367,5,ZARA,0,2019-09-17,195,9,2019,14953
1226,Blouse,Female,Shirt,Polka Dots,Brown,35-45,Winter,146.1199951171875,Cotton Blend,122,29,3.9000000953674316,5,ZARA,15,2019-09-15,220,9,2019,15153
1227,Wool Jacket,Female,Skirt,Polka Dots,Brown,35-45,Autumn,62.650001525878906,Cotton Blend,80,91,4.4000000953674316,4,ZARA,0,2019-09-19,127,9,2019,5012
1228,Heels,Female,Shoes,Geometric,Beige,35-45,Winter,67.879997253417969,Wool,58,68,3.7999999523162842,1,ZARA,5,2019-09-18,138,9,2019,3740
1229,Beach Shirt,Female,Shirt,Plain,Brown,35-45,Spring,61.229999542236328,Synthetic,363,23,4.6999998092651367,3,ZARA,5,2019-09-10,134,9,2019,21115
1230,Casual Jeans,Female,Shorts,Polka Dots,White,18-24,Autumn,61.310001373291016,Leather,150,36,3.5999999046325684,3,ZARA,5,2019-09-15,75,9,2019,8737
1231,Wool Jacket,Female,Skirt,Geometric,Beige,35-45,Summer,137.53999328613281,Cotton Blend,167,70,3.5,5,ZARA,10,2019-09-05,221,9,2019,20672
1232,Biker Jacket,Male,Jeans,Striped,Black,35-45,Spring,121.55999755859375,Leather,318,100,4.5999999046325684,1,ZARA,20,2019-10-02,223,10,2019,30925
1233,Beach Shirt,Male,Jeans,Plain,Orange,18-24,Spring,123.70999908447266,Cotton Blend,207,36,4.6999998092651367,5,ZARA,5,2019-10-19,57,10,2019,24328
1234,Biker Jacket,Male,Shoes,Plain,Black,18-24,Spring,71.620002746582031,Cotton,274,94,4.4000000953674316,6,ZARA,0,2019-10-04,184,10,2019,19624
1235,Wool Jacket,Female,Jeans,Striped,Orange,25-35,Autumn,20.799999237060547,Denim,399,32,3.5,6,ZARA,10,2019-10-01,85,10,2019,7469
1236,Wool Jacket,Female,Jacket,Striped,Orange,35-45,Winter,31.899999618530273,Cotton Blend,427,28,4.6999998092651367,2,ZARA,20,2019-10-29,155,10,2019,10897
1237,Pattern Skirt,Male,Jacket,Striped,Orange,18-24,Autumn,48.409999847412109,Denim,395,46,4.5999999046325684,3,ZARA,20,2019-10-08,223,10,2019,15298
1238,Wool Jacket,Female,Dress,Striped,Black,18-24,All,127.58000183105469,Wool,153,23,3.7000000476837158,1,ZARA,15,2019-10-09,236,10,2019,16592
1239,Casual Jeans,Female,Blouse,Striped,Orange,35-45,Autumn,144.05000305175781,Wool,176,93,4.8000001907348633,5,ZARA,20,2019-10-22,66,10,2019,20282
1240,Summer Dress,Female,Shoes,Plain,Black,18-24,Autumn,86.769996643066406,Cotton Blend,400,100,3.5999999046325684,6,ZARA,15,2019-10-20,181,10,2019,29502
1241,Pattern Skirt,Male,Dress,Plain,Orange,18-24,Winter,45.470001220703125,Viscose,314,59,4.1999998092651367,5,ZARA,10,2019-10-29,137,10,2019,12850
1242,Biker Jacket,Male,Shoes,Plain,Black,18-24,Winter,39.619998931884766,Denim,376,92,4.1999998092651367,1,ZARA,20,2019-10-18,100,10,2019,11918
1243,Chino Shorts,Male,Skirt,Geometric,Navy Blue,18-24,Summer,36.229999542236328,Cotton Blend,207,74,4,5,ZARA,15,2019-11-19,217,11,2019,6375
1244,Wool Jacket,Female,Jeans,Polka Dots,White,25-35,Winter,53.919998168945313,Denim,57,72,3.5999999046325684,2,ZARA,20,2019-11-10,147,11,2019,2459
1245,Biker Jacket,Female,Jacket,Polka Dots,Grey,18-24,Spring,59.720001220703125,Leather,123,32,3.5,2,ZARA,20,2019-11-08,143,11,2019,5876
1246,Beach Shirt,Male,Jacket,Polka Dots,White,18-24,Summer,62.380001068115234,Denim,65,93,3.7999999523162842,6,ZARA,10,2019-11-23,126,11,2019,3649
1247,Wool Jacket,Female,Skirt,Geometric,White,18-24,Autumn,59,Cotton,282,47,3.0999999046325684,2,ZARA,15,2019-11-19,65,11,2019,14142
1248,Blouse,Female,Skirt,Geometric,Grey,18-24,Autumn,142.85000610351563,Wool,421,95,3.4000000953674316,1,ZARA,20,2019-11-24,121,11,2019,48112
1249,Blouse,Male,Shorts,Polka Dots,Grey,35-45,Autumn,123.73000335693359,Wool,433,24,4.1999998092651367,5,ZARA,15,2019-11-15,104,11,2019,45539
1250,Biker Jacket,Male,Jacket,Plain,White,25-35,Autumn,145.27000427246094,Synthetic,230,93,3.5,6,ZARA,15,2019-11-27,200,11,2019,28400
1251,Wool Jacket,Male,Dress,Geometric,White,18-24,Winter,127.76000213623047,Cotton Blend,58,29,4.3000001907348633,1,ZARA,10,2019-11-13,97,11,2019,6669
1252,Business Shirt,Female,Shoes,Geometric,White,18-24,Spring,129.36000061035156,Wool,95,73,3.5,1,ZARA,10,2019-11-25,194,11,2019,11060
1253,Wool Jacket,Male,Jeans,Plain,Navy Blue,25-35,Autumn,49.669998168945313,Viscose,205,61,4.6999998092651367,5,ZARA,15,2019-11-16,97,11,2019,8655
1254,Blouse,Female,Jacket,Polka Dots,White,35-45,Spring,140.88999938964844,Cotton,372,46,3.7999999523162842,5,ZARA,5,2019-12-14,248,12,2019,49791
1255,Heels,Female,Shorts,Geometric,Red,18-24,Spring,25.760000228881836,Synthetic,227,25,4.1999998092651367,5,ZARA,5,2019-12-20,56,12,2019,5555
1256,Wool Jacket,Male,Dress,Geometric,Red,25-35,Summer,129.67999267578125,Leather,254,35,4.9000000953674316,4,ZARA,5,2019-12-24,98,12,2019,31292
1257,Heels,Male,Blouse,Polka Dots,Green,35-45,Autumn,126.45999908447266,Synthetic,69,88,4.5,1,ZARA,15,2019-12-05,114,12,2019,7417
1258,Chino Shorts,Female,Blouse,Polka Dots,Green,25-35,Winter,27.209999084472656,Denim,172,40,5,4,ZARA,10,2019-12-13,129,12,2019,4212
1259,Beach Shirt,Male,Skirt,Geometric,Red,25-35,Winter,64.569999694824219,Denim,340,24,3.7999999523162842,5,ZARA,5,2019-12-22,97,12,2019,20856
1260,Wool Jacket,Male,Shoes,Geometric,White,35-45,Winter,134.46000671386719,Cotton,368,25,5,3,ZARA,5,2019-12-02,54,12,2019,47007
1261,Casual Jeans,Female,Shirt,Geometric,Red,35-45,Autumn,43.770000457763672,Wool,453,34,3.2999999523162842,2,ZARA,15,2019-12-07,110,12,2019,16854
1262,Summer Dress,Female,Skirt,Geometric,Green,35-45,All,44.200000762939453,Denim,249,72,3.7999999523162842,1,ZARA,5,2019-12-17,151,12,2019,10456
1263,Casual Jeans,Male,Skirt,Polka Dots,Red,35-45,Autumn,75.239997863769531,Denim,308,97,3.5,6,ZARA,15,2019-12-21,130,12,2019,19698
1264,Heels,Female,Dress,Geometric,Red,35-45,Spring,135.16000366210938,Cotton Blend,247,77,3.9000000953674316,6,ZARA,15,2019-12-08,72,12,2019,28377
1265,Blouse,Female,Shirt,Plain,White,18-24,All,78.910003662109375,Denim,405,26,4.5,2,ZARA,20,2020-01-22,61,1,2020,25567
1266,Casual Jeans,Female,Skirt,Polka Dots,Beige,25-35,Winter,132.57000732421875,Cotton Blend,376,69,3.9000000953674316,5,ZARA,20,2020-01-19,216,1,2020,39877
1267,Pattern Skirt,Female,Blouse,Plain,Beige,25-35,Autumn,122.75,Wool,148,99,4.8000001907348633,5,ZARA,20,2020-01-11,106,1,2020,14534
1268,Wool Jacket,Female,Dress,Geometric,White,18-24,Winter,90.650001525878906,Synthetic,96,21,4.6999998092651367,5,ZARA,0,2020-01-13,221,1,2020,8702
1269,Heels,Male,Shirt,Geometric,Beige,18-24,Autumn,44.189998626708984,Cotton,123,70,4.0999999046325684,5,ZARA,20,2020-01-07,178,1,2020,4348
1270,Casual Jeans,Female,Skirt,Plain,Brown,35-45,Winter,105.94000244140625,Wool,215,60,3.5,4,ZARA,20,2020-01-27,217,1,2020,18222
1271,Beach Shirt,Male,Skirt,Plain,White,35-45,Winter,71.010002136230469,Denim,429,82,4.5999999046325684,6,ZARA,0,2020-01-22,70,1,2020,30463
1272,Wool Jacket,Female,Jeans,Geometric,Brown,35-45,Spring,140.8800048828125,Synthetic,78,29,3.9000000953674316,1,ZARA,10,2020-01-17,168,1,2020,9890
1273,Casual Jeans,Male,Blouse,Plain,Brown,35-45,All,41.790000915527344,Cotton Blend,317,100,3.0999999046325684,4,ZARA,10,2020-01-03,177,1,2020,11923
1274,Pattern Skirt,Female,Shoes,Geometric,White,35-45,Summer,119.12999725341797,Viscose,479,96,4.4000000953674316,3,ZARA,15,2020-01-04,57,1,2020,48504
1275,Pattern Skirt,Female,Shirt,Geometric,Beige,35-45,Autumn,97.989997863769531,Wool,233,29,3.5,3,ZARA,15,2020-01-04,110,1,2020,19407
1276,Beach Shirt,Male,Dress,Polka Dots,Red,25-35,All,51.450000762939453,Leather,90,69,4.3000001907348633,2,ZARA,15,2020-02-27,233,2,2020,3936
1277,Beach Shirt,Male,Shorts,Polka Dots,Red,18-24,Spring,37.119998931884766,Cotton,83,41,4.8000001907348633,1,ZARA,20,2020-02-20,107,2,2020,2465
1278,Summer Dress,Female,Jeans,Polka Dots,Red,35-45,Summer,60.860000610351563,Cotton Blend,251,46,3.7999999523162842,3,ZARA,20,2020-02-08,206,2,2020,12221
1279,Business Shirt,Female,Dress,Polka Dots,Red,25-35,All,47.819999694824219,Leather,400,71,3,2,ZARA,15,2020-02-22,122,2,2020,16259
1280,Blouse,Female,Jeans,Polka Dots,Red,25-35,Autumn,23.649999618530273,Denim,299,89,4,6,ZARA,15,2020-02-17,171,2,2020,6011
1281,Casual Jeans,Female,Dress,Plain,Pink,35-45,All,21.809999465942383,Leather,235,82,3.5999999046325684,3,ZARA,10,2020-02-17,81,2,2020,4613
1282,Biker Jacket,Male,Dress,Polka Dots,Pink,18-24,Spring,85.239997863769531,Denim,115,35,4.4000000953674316,2,ZARA,20,2020-02-27,193,2,2020,7842
1283,Business Shirt,Female,Dress,Heart,Red,35-45,Autumn,97.550003051757813,Wool,184,87,4.9000000953674316,4,ZARA,15,2020-02-13,141,2,2020,15257
1284,Casual Jeans,Male,Shorts,Plain,Red,25-35,Summer,74.160003662109375,Cotton Blend,347,57,4.3000001907348633,4,ZARA,5,2020-02-09,143,2,2020,24447
1285,Summer Dress,Female,Jacket,Heart,Red,25-35,Spring,65.220001220703125,Wool,52,90,3.7999999523162842,4,ZARA,20,2020-02-17,203,2,2020,2713
1286,Business Shirt,Female,Jeans,Plain,Red,25-35,All,123.62999725341797,Viscose,354,74,4.6999998092651367,3,ZARA,5,2020-02-23,158,2,2020,41577
1287,Wool Jacket,Female,Blouse,Plain,Beige,18-24,Autumn,25.219999313354492,Denim,335,73,4.8000001907348633,1,ZARA,10,2020-03-22,93,3,2020,7604
1288,Wool Jacket,Female,Skirt,Plain,Beige,35-45,Spring,139.57000732421875,Denim,207,86,4.0999999046325684,2,ZARA,0,2020-03-28,140,3,2020,28891
1289,Beach Shirt,Female,Jeans,Geometric,Beige,35-45,Autumn,52.770000457763672,Wool,212,95,3.5,5,ZARA,20,2020-03-13,102,3,2020,8950
1290,Business Shirt,Female,Shoes,Plain,White,35-45,Spring,83.44000244140625,Viscose,298,52,4,3,ZARA,15,2020-03-04,83,3,2020,21135
1291,Business Shirt,Male,Jacket,Geometric,Beige,25-35,Spring,123.40000152587891,Cotton Blend,367,84,3.7999999523162842,2,ZARA,15,2020-03-19,145,3,2020,38495
1292,Beach Shirt,Male,Shirt,Polka Dots,White,35-45,All,148.89999389648438,Cotton Blend,366,75,4.0999999046325684,3,ZARA,0,2020-03-26,189,3,2020,54497
1293,Casual Jeans,Female,Shoes,Geometric,Beige,18-24,Winter,73.629997253417969,Leather,346,98,4.1999998092651367,4,ZARA,15,2020-03-04,164,3,2020,21655
1294,Chino Shorts,Male,Skirt,Plain,White,18-24,All,52.520000457763672,Cotton,465,70,3.4000000953674316,3,ZARA,5,2020-03-15,125,3,2020,23201
1295,Blouse,Male,Skirt,Geometric,Beige,25-35,Summer,134.33000183105469,Wool,309,82,3.2000000476837158,6,ZARA,10,2020-03-24,142,3,2020,37357
1296,Pattern Skirt,Female,Jacket,Plain,Beige,35-45,Summer,82.69000244140625,Wool,164,35,4.1999998092651367,5,ZARA,20,2020-03-16,236,3,2020,10849
1297,Blouse,Male,Jeans,Polka Dots,White,25-35,Spring,137.66999816894531,Synthetic,416,76,3.9000000953674316,4,ZARA,10,2020-03-20,220,3,2020,51544
1298,Chino Shorts,Female,Jacket,Geometric,Brown,25-35,Spring,149.92999267578125,Cotton,130,27,3.5999999046325684,5,ZARA,20,2020-04-03,196,4,2020,15593
1299,Summer Dress,Female,Dress,Polka Dots,Beige,35-45,Spring,66.919998168945313,Cotton,276,36,3.9000000953674316,4,ZARA,5,2020-04-09,145,4,2020,17546
1300,Heels,Female,Blouse,Plain,Brown,18-24,All,64.849998474121094,Synthetic,138,36,4.4000000953674316,3,ZARA,10,2020-04-22,196,4,2020,8054
1301,Heels,Female,Blouse,Geometric,Beige,18-24,All,123.36000061035156,Cotton,423,88,3.0999999046325684,2,ZARA,5,2020-04-01,83,4,2020,49572
1302,Business Shirt,Male,Shirt,Geometric,Beige,25-35,Autumn,90.650001525878906,Cotton Blend,472,23,4.6999998092651367,2,ZARA,20,2020-04-09,84,4,2020,34229
1303,Blouse,Male,Shorts,Polka Dots,Brown,35-45,Winter,98.370002746582031,Cotton Blend,190,41,4.0999999046325684,1,ZARA,5,2020-04-02,67,4,2020,17756
1304,Business Shirt,Male,Shoes,Polka Dots,White,35-45,All,54.180000305175781,Denim,464,53,3.5999999046325684,4,ZARA,20,2020-04-18,95,4,2020,20112
1305,Business Shirt,Male,Dress,Geometric,Beige,18-24,Spring,101.30000305175781,Synthetic,73,81,4.1999998092651367,1,ZARA,5,2020-04-28,130,4,2020,7025
1306,Summer Dress,Male,Dress,Plain,Beige,18-24,Winter,79.599998474121094,Cotton Blend,53,61,4.0999999046325684,2,ZARA,0,2020-04-19,170,4,2020,4219
1307,Blouse,Female,Shorts,Geometric,Beige,35-45,Summer,142.17999267578125,Denim,361,34,4.0999999046325684,6,ZARA,0,2020-04-19,175,4,2020,51327
1308,Chino Shorts,Female,Shoes,Polka Dots,Beige,18-24,Spring,66.599998474121094,Leather,195,50,4.3000001907348633,6,ZARA,15,2020-04-05,131,4,2020,11039
1309,Casual Jeans,Female,Jeans,Polka Dots,White,35-45,Spring,41.959999084472656,Denim,442,84,4.1999998092651367,2,ZARA,15,2020-05-16,88,5,2020,15764
1310,Wool Jacket,Female,Skirt,Plain,Brown,35-45,Summer,20.469999313354492,Viscose,69,30,3.9000000953674316,4,ZARA,20,2020-05-22,96,5,2020,1130
1311,Business Shirt,Female,Skirt,Plain,White,25-35,Summer,129.27000427246094,Synthetic,348,93,4.3000001907348633,1,ZARA,20,2020-05-28,57,5,2020,35989
1312,Pattern Skirt,Male,Shoes,Polka Dots,White,18-24,Summer,122.91999816894531,Synthetic,344,49,3.2999999523162842,4,ZARA,20,2020-05-09,143,5,2020,33828
1313,Business Shirt,Female,Shirt,Geometric,Beige,18-24,All,84.110000610351563,Cotton,279,32,4.8000001907348633,4,ZARA,5,2020-05-07,81,5,2020,22293
1314,Chino Shorts,Male,Blouse,Geometric,White,25-35,Autumn,79.30999755859375,Cotton Blend,482,60,4.1999998092651367,4,ZARA,10,2020-05-11,181,5,2020,34405
1315,Summer Dress,Female,Dress,Plain,Brown,18-24,Autumn,26.159999847412109,Cotton Blend,382,43,4.6999998092651367,3,ZARA,0,2020-05-29,119,5,2020,9993
1316,Chino Shorts,Male,Jacket,Geometric,White,18-24,Winter,66.44000244140625,Denim,135,95,4,3,ZARA,20,2020-05-09,243,5,2020,7176
1317,Chino Shorts,Female,Shorts,Geometric,Brown,35-45,All,29.799999237060547,Cotton Blend,381,84,4.5,3,ZARA,20,2020-05-18,188,5,2020,9083
1318,Pattern Skirt,Female,Blouse,Polka Dots,Brown,18-24,Winter,47.069999694824219,Synthetic,221,38,3.9000000953674316,1,ZARA,20,2020-05-16,159,5,2020,8322
1319,Summer Dress,Male,Jacket,Polka Dots,Brown,25-35,Autumn,116.55000305175781,Leather,202,79,3.5,3,ZARA,15,2020-05-02,86,5,2020,20012
1320,Blouse,Male,Shorts,Floral,Yellow,35-45,Summer,35.779998779296875,Viscose,140,89,4.5999999046325684,2,ZARA,20,2020-06-06,221,6,2020,4007
1321,Beach Shirt,Female,Shirt,Geometric,Sky Blue,25-35,Spring,99.430000305175781,Synthetic,349,92,3.7999999523162842,1,ZARA,15,2020-06-14,108,6,2020,29496
1322,Summer Dress,Female,Blouse,Floral,Sky Blue,18-24,Spring,145.08000183105469,Synthetic,423,68,4.4000000953674316,6,ZARA,20,2020-06-28,197,6,2020,49095
1323,Chino Shorts,Female,Jeans,Floral,Yellow,35-45,Autumn,34.619998931884766,Cotton Blend,351,59,4.9000000953674316,4,ZARA,15,2020-06-29,81,6,2020,10329
1324,Chino Shorts,Male,Blouse,Geometric,White,25-35,Spring,109.5,Viscose,269,65,4.8000001907348633,2,ZARA,0,2020-06-18,116,6,2020,29456
1325,Pattern Skirt,Female,Dress,Floral,Sky Blue,35-45,Spring,64.800003051757813,Leather,230,29,3.4000000953674316,3,ZARA,0,2020-06-20,60,6,2020,14904
1326,Chino Shorts,Female,Jeans,Plain,White,18-24,Winter,99.080001831054688,Cotton Blend,488,64,4,6,ZARA,20,2020-06-27,83,6,2020,38681
1327,Pattern Skirt,Female,Jeans,Plain,White,18-24,Spring,30.659999847412109,Viscose,172,87,5,6,ZARA,15,2020-06-29,99,6,2020,4482
1328,Casual Jeans,Male,Jeans,Floral,Yellow,18-24,All,40.830001831054688,Denim,50,33,3.7999999523162842,1,ZARA,5,2020-06-27,173,6,2020,1939
1329,Blouse,Female,Jeans,Floral,Yellow,25-35,Autumn,132.91999816894531,Cotton Blend,51,89,3.5,4,ZARA,0,2020-06-29,110,6,2020,6779
1330,Wool Jacket,Female,Jeans,Floral,Sky Blue,18-24,Winter,82.569999694824219,Denim,206,85,3.5,6,ZARA,15,2020-06-29,232,6,2020,14458
1331,Biker Jacket,Male,Shirt,Geometric,White,18-24,Winter,62.529998779296875,Synthetic,404,88,4.4000000953674316,5,ZARA,20,2020-07-20,103,7,2020,20210
1332,Summer Dress,Male,Blouse,Polka Dots,Beige,18-24,Winter,125.05999755859375,Cotton Blend,79,63,4.4000000953674316,3,ZARA,10,2020-07-09,128,7,2020,8892
1333,Heels,Male,Shorts,Plain,Brown,25-35,Autumn,121.47000122070313,Cotton,371,53,3.4000000953674316,6,ZARA,15,2020-07-20,72,7,2020,38306
1334,Biker Jacket,Male,Skirt,Geometric,Brown,18-24,All,74.010002136230469,Cotton,396,74,3.0999999046325684,3,ZARA,0,2020-07-01,200,7,2020,29308
1335,Heels,Male,Skirt,Polka Dots,Brown,18-24,Winter,108.08999633789063,Viscose,453,63,4.1999998092651367,5,ZARA,5,2020-07-23,162,7,2020,46517
1336,Summer Dress,Male,Dress,Polka Dots,Beige,35-45,Spring,71.099998474121094,Cotton,137,49,3.5999999046325684,3,ZARA,20,2020-07-23,168,7,2020,7793
1337,Biker Jacket,Female,Jacket,Geometric,Brown,18-24,All,93.029998779296875,Denim,202,96,3.9000000953674316,1,ZARA,5,2020-07-27,171,7,2020,17852
1338,Summer Dress,Female,Jeans,Polka Dots,White,35-45,Winter,22.219999313354492,Leather,136,80,3.2000000476837158,6,ZARA,5,2020-07-05,106,7,2020,2871
1339,Business Shirt,Male,Shirt,Geometric,Beige,18-24,Spring,58.790000915527344,Synthetic,440,21,3.2000000476837158,2,ZARA,10,2020-07-06,187,7,2020,23281
1340,Heels,Female,Dress,Plain,Brown,18-24,Spring,132.52999877929688,Leather,184,96,4.3000001907348633,3,ZARA,5,2020-07-08,153,7,2020,23166
1341,Chino Shorts,Female,Jeans,Geometric,White,35-45,All,99.199996948242188,Cotton,242,30,4.1999998092651367,1,ZARA,0,2020-07-04,108,7,2020,24006
1342,Business Shirt,Female,Jacket,Plain,Beige,18-24,Winter,110.22000122070313,Denim,435,37,4.8000001907348633,6,ZARA,15,2020-08-10,102,8,2020,40754
1343,Casual Jeans,Male,Shirt,Geometric,Beige,18-24,Summer,74.019996643066406,Wool,432,69,3.2000000476837158,1,ZARA,20,2020-08-27,243,8,2020,25581
1344,Chino Shorts,Female,Blouse,Geometric,White,18-24,All,32,Leather,177,24,3.4000000953674316,4,ZARA,10,2020-08-05,180,8,2020,5098
1345,Wool Jacket,Male,Shirt,Polka Dots,Brown,18-24,Autumn,138.10000610351563,Cotton Blend,263,86,4.1999998092651367,5,ZARA,15,2020-08-07,132,8,2020,30872
1346,Chino Shorts,Male,Dress,Geometric,Brown,35-45,All,116.26999664306641,Wool,128,42,4.3000001907348633,6,ZARA,15,2020-08-19,210,8,2020,12650
1347,Heels,Female,Shorts,Polka Dots,Beige,25-35,Autumn,110.12999725341797,Denim,247,87,3.4000000953674316,2,ZARA,10,2020-08-14,129,8,2020,24482
1348,Chino Shorts,Male,Jacket,Geometric,Brown,25-35,Autumn,130.89999389648438,Viscose,447,60,5,5,ZARA,5,2020-08-27,236,8,2020,55587
1349,Pattern Skirt,Female,Jeans,Plain,Brown,25-35,Winter,106.93000030517578,Denim,419,38,3.5,2,ZARA,15,2020-08-17,245,8,2020,38083
1350,Chino Shorts,Male,Jeans,Plain,Brown,18-24,All,135.47000122070313,Cotton Blend,132,64,4.0999999046325684,5,ZARA,10,2020-08-21,180,8,2020,16094
1351,Wool Jacket,Male,Shirt,Plain,Beige,35-45,Winter,78.800003051757813,Cotton,64,64,3.0999999046325684,3,ZARA,5,2020-08-29,56,8,2020,4791
1352,Wool Jacket,Female,Shorts,Geometric,Beige,25-35,All,29.649999618530273,Viscose,148,75,4.5999999046325684,4,ZARA,20,2020-08-01,242,8,2020,3511
1353,Wool Jacket,Male,Shirt,Polka Dots,White,35-45,Autumn,120.87999725341797,Synthetic,332,63,4.3000001907348633,2,ZARA,20,2020-09-23,249,9,2020,32106
1354,Casual Jeans,Male,Skirt,Geometric,White,25-35,All,98.550003051757813,Denim,440,74,4.9000000953674316,2,ZARA,20,2020-09-07,57,9,2020,34690
1355,Summer Dress,Female,Shorts,Plain,Beige,18-24,Summer,92.209999084472656,Synthetic,172,43,3.2000000476837158,5,ZARA,10,2020-09-17,57,9,2020,14274
1356,Summer Dress,Female,Shorts,Geometric,Beige,35-45,Summer,121.72000122070313,Wool,391,76,3.2000000476837158,3,ZARA,5,2020-09-12,191,9,2020,45213
1357,Pattern Skirt,Female,Shorts,Geometric,Beige,18-24,Spring,108.20999908447266,Cotton Blend,405,88,3.5,3,ZARA,20,2020-09-13,141,9,2020,35060
1358,Pattern Skirt,Female,Skirt,Polka Dots,Beige,25-35,Autumn,146.25,Denim,220,88,3.9000000953674316,4,ZARA,5,2020-09-29,77,9,2020,30566
1359,Blouse,Female,Shirt,Plain,White,18-24,Winter,64.930000305175781,Wool,310,78,3.4000000953674316,4,ZARA,0,2020-09-18,78,9,2020,20128
1360,Beach Shirt,Male,Shoes,Polka Dots,Brown,35-45,Summer,134.77999877929688,Synthetic,259,54,4.1999998092651367,2,ZARA,0,2020-09-19,182,9,2020,34908
1361,Beach Shirt,Female,Dress,Geometric,Beige,35-45,Summer,76.480003356933594,Cotton,463,32,4.4000000953674316,1,ZARA,15,2020-09-20,59,9,2020,30099
1362,Summer Dress,Female,Shorts,Geometric,White,18-24,All,108.44000244140625,Synthetic,298,61,4.3000001907348633,1,ZARA,5,2020-09-02,204,9,2020,30699
1363,Heels,Male,Dress,Polka Dots,Brown,35-45,Spring,84.470001220703125,Cotton Blend,76,53,3.0999999046325684,1,ZARA,15,2020-09-05,169,9,2020,5457
1364,Beach Shirt,Female,Shoes,Plain,Orange,18-24,Autumn,87.730003356933594,Leather,429,58,4.3000001907348633,1,ZARA,5,2020-10-18,204,10,2020,35754
1365,Wool Jacket,Female,Shirt,Plain,Orange,35-45,All,142.55999755859375,Denim,109,33,3.9000000953674316,4,ZARA,15,2020-10-07,181,10,2020,13208
1366,Heels,Male,Shorts,Striped,Black,25-35,Spring,55.189998626708984,Wool,442,30,3.4000000953674316,5,ZARA,10,2020-10-27,220,10,2020,21955
1367,Pattern Skirt,Female,Shirt,Striped,Orange,25-35,All,69.870002746582031,Denim,319,46,4.5999999046325684,3,ZARA,0,2020-10-11,91,10,2020,22289
1368,Business Shirt,Male,Shirt,Striped,Black,18-24,Summer,94.239997863769531,Leather,201,48,4.6999998092651367,5,ZARA,5,2020-10-11,67,10,2020,17995
1369,Beach Shirt,Female,Shoes,Striped,Orange,35-45,All,38.169998168945313,Denim,497,50,3.7000000476837158,4,ZARA,0,2020-10-05,88,10,2020,18970
1370,Chino Shorts,Female,Shirt,Striped,Black,18-24,Winter,34.470001220703125,Cotton Blend,97,59,4.5999999046325684,1,ZARA,0,2020-10-11,94,10,2020,3344
1371,Casual Jeans,Female,Blouse,Striped,Orange,18-24,Winter,95.19000244140625,Leather,411,47,4.9000000953674316,2,ZARA,10,2020-10-28,96,10,2020,35211
1372,Biker Jacket,Male,Shirt,Striped,Orange,35-45,Spring,74.25,Denim,220,41,4.6999998092651367,6,ZARA,15,2020-10-27,146,10,2020,13885
1373,Heels,Male,Dress,Striped,Black,18-24,Winter,108.41999816894531,Wool,296,60,3.5,6,ZARA,10,2020-10-26,114,10,2020,28883
1374,Blouse,Male,Shirt,Plain,Black,25-35,Spring,64.779998779296875,Leather,499,24,3.7999999523162842,3,ZARA,5,2020-10-28,156,10,2020,30709
1375,Biker Jacket,Male,Jacket,Plain,Navy Blue,25-35,Summer,127.76000213623047,Cotton Blend,191,23,4.5999999046325684,2,ZARA,20,2020-11-03,205,11,2020,19522
1376,Summer Dress,Female,Shoes,Geometric,Navy Blue,18-24,Spring,57.450000762939453,Leather,345,71,4.8000001907348633,2,ZARA,15,2020-11-28,57,11,2020,16847
1377,Biker Jacket,Male,Shirt,Polka Dots,Grey,18-24,Spring,106.5,Synthetic,62,47,3.2000000476837158,3,ZARA,5,2020-11-11,206,11,2020,6273
1378,Summer Dress,Female,Shirt,Geometric,Navy Blue,35-45,Spring,103.44000244140625,Cotton Blend,147,58,4.3000001907348633,5,ZARA,5,2020-11-21,186,11,2020,14445
1379,Blouse,Female,Dress,Polka Dots,White,25-35,All,35.599998474121094,Leather,176,72,4.4000000953674316,3,ZARA,20,2020-11-29,79,11,2020,5012
1380,Biker Jacket,Male,Blouse,Polka Dots,White,18-24,Spring,81.620002746582031,Leather,316,51,4.8000001907348633,2,ZARA,10,2020-11-02,88,11,2020,23213
1381,Blouse,Male,Jeans,Geometric,Grey,25-35,All,100.54000091552734,Cotton Blend,109,77,3.2999999523162842,3,ZARA,5,2020-11-10,68,11,2020,10411
1382,Pattern Skirt,Male,Blouse,Geometric,Grey,35-45,Summer,123.72000122070313,Leather,234,68,4.6999998092651367,1,ZARA,15,2020-11-24,99,11,2020,24608
1383,Chino Shorts,Male,Skirt,Polka Dots,Grey,18-24,All,147.91000366210938,Wool,90,41,4.5,6,ZARA,10,2020-11-18,99,11,2020,11981
1384,Chino Shorts,Male,Shorts,Geometric,Navy Blue,18-24,Spring,144.3699951171875,Synthetic,488,51,4.1999998092651367,4,ZARA,10,2020-11-26,141,11,2020,63407
1385,Heels,Female,Skirt,Geometric,Grey,35-45,Spring,86.879997253417969,Wool,145,100,4.1999998092651367,6,ZARA,20,2020-11-09,241,11,2020,10078
1386,Summer Dress,Male,Skirt,Polka Dots,Red,18-24,Winter,53.580001831054688,Leather,52,42,4,5,ZARA,5,2020-12-05,148,12,2020,2647
1387,Summer Dress,Female,Skirt,Geometric,White,18-24,All,34.029998779296875,Leather,382,65,3.0999999046325684,2,ZARA,15,2020-12-24,95,12,2020,11050
1388,Business Shirt,Male,Skirt,Geometric,White,18-24,Autumn,53.930000305175781,Wool,487,95,4,4,ZARA,10,2020-12-24,246,12,2020,23638
1389,Casual Jeans,Female,Blouse,Plain,White,18-24,All,100.93000030517578,Cotton,185,48,4.4000000953674316,6,ZARA,10,2020-12-21,152,12,2020,16805
1390,Business Shirt,Female,Jacket,Plain,Red,25-35,Summer,146.16999816894531,Cotton Blend,134,32,4.8000001907348633,2,ZARA,0,2020-12-27,227,12,2020,19587
1391,Chino Shorts,Female,Dress,Geometric,Red,25-35,All,104.69000244140625,Wool,108,74,4.9000000953674316,6,ZARA,5,2020-12-16,226,12,2020,10741
1392,Chino Shorts,Female,Jeans,Plain,Red,35-45,Winter,134.44000244140625,Synthetic,457,63,3.7000000476837158,4,ZARA,5,2020-12-14,119,12,2020,58367
1393,Wool Jacket,Male,Jacket,Geometric,White,35-45,Summer,91.870002746582031,Wool,346,82,3.7000000476837158,1,ZARA,5,2020-12-11,244,12,2020,30198
1394,Blouse,Male,Blouse,Geometric,Green,25-35,Winter,80.540000915527344,Viscose,301,89,4.0999999046325684,6,ZARA,15,2020-12-21,242,12,2020,20606
1395,Blouse,Male,Shirt,Plain,Red,35-45,Summer,57.659999847412109,Cotton Blend,257,77,4.9000000953674316,6,ZARA,15,2020-12-17,65,12,2020,12596
1396,Wool Jacket,Female,Shorts,Plain,Red,35-45,Autumn,86.910003662109375,Denim,233,86,3,1,ZARA,10,2020-12-03,218,12,2020,18225
1397,Heels,Male,Dress,Polka Dots,Brown,35-45,Spring,112.68000030517578,Cotton,387,94,4.1999998092651367,5,ZARA,5,2021-01-14,143,1,2021,41427
1398,Summer Dress,Female,Shorts,Polka Dots,Brown,35-45,Winter,138.97000122070313,Denim,242,46,4.1999998092651367,2,ZARA,20,2021-01-17,110,1,2021,26905
1399,Wool Jacket,Female,Shoes,Plain,Brown,18-24,Winter,124.66999816894531,Cotton Blend,57,69,4.5,5,ZARA,5,2021-01-06,178,1,2021,6751
1400,Blouse,Female,Dress,Plain,Beige,18-24,Spring,56.189998626708984,Cotton Blend,125,21,4.5,2,ZARA,5,2021-01-04,160,1,2021,6673
1401,Blouse,Male,Jacket,Geometric,Brown,35-45,All,91.5,Viscose,127,35,4.0999999046325684,4,ZARA,0,2021-01-14,52,1,2021,11621
1402,Chino Shorts,Male,Shorts,Polka Dots,Brown,25-35,All,93.400001525878906,Synthetic,233,26,3.2999999523162842,6,ZARA,20,2021-01-05,64,1,2021,17410
1403,Business Shirt,Female,Skirt,Plain,White,18-24,Spring,146.8699951171875,Cotton,215,27,4.5,3,ZARA,15,2021-01-16,242,1,2021,26840
1404,Business Shirt,Female,Skirt,Plain,White,25-35,Summer,139.1300048828125,Denim,178,95,4.5,5,ZARA,15,2021-01-07,145,1,2021,21050
1405,Chino Shorts,Female,Blouse,Plain,Brown,18-24,Autumn,72.959999084472656,Viscose,144,83,3.0999999046325684,6,ZARA,20,2021-01-15,100,1,2021,8405
1406,Beach Shirt,Male,Blouse,Plain,Brown,18-24,All,40.799999237060547,Viscose,297,74,4.6999998092651367,2,ZARA,15,2021-01-22,160,1,2021,10300
1407,Summer Dress,Male,Skirt,Geometric,White,25-35,Autumn,34.389999389648438,Cotton Blend,69,97,4,6,ZARA,20,2021-01-15,209,1,2021,1898
1408,Wool Jacket,Female,Shorts,Heart,Red,18-24,Spring,149.5,Synthetic,64,78,3.4000000953674316,1,ZARA,5,2021-02-15,69,2,2021,9090
1409,Beach Shirt,Male,Jacket,Heart,Pink,25-35,Winter,43.959999084472656,Wool,500,57,4.0999999046325684,6,ZARA,20,2021-02-04,125,2,2021,17584
1410,Summer Dress,Male,Blouse,Plain,Pink,35-45,Summer,69.660003662109375,Wool,369,97,4.3000001907348633,6,ZARA,20,2021-03-01,244,2,2021,20564
1411,Blouse,Female,Shorts,Polka Dots,Pink,25-35,Spring,43.5,Leather,471,59,3.9000000953674316,4,ZARA,20,2021-02-06,90,2,2021,16391
1412,Pattern Skirt,Male,Shoes,Plain,Pink,25-35,All,116.23999786376953,Cotton,232,55,3.5999999046325684,1,ZARA,10,2021-02-24,206,2,2021,24271
1413,Beach Shirt,Male,Dress,Polka Dots,Red,18-24,Summer,77.610000610351563,Leather,89,64,3.9000000953674316,5,ZARA,0,2021-02-18,134,2,2021,6907
1414,Beach Shirt,Male,Blouse,Heart,Pink,25-35,All,135.85000610351563,Wool,249,97,5,2,ZARA,20,2021-02-27,132,2,2021,27061
1415,Wool Jacket,Male,Dress,Heart,Red,18-24,Winter,120.86000061035156,Leather,337,58,3.7999999523162842,3,ZARA,15,2021-03-01,203,2,2021,34620
1416,Pattern Skirt,Female,Shoes,Plain,Pink,18-24,All,28.270000457763672,Denim,352,97,4.5,1,ZARA,5,2021-02-18,83,2,2021,9453
1417,Casual Jeans,Male,Shorts,Heart,Red,35-45,Winter,126.91000366210938,Cotton Blend,167,39,3.7000000476837158,2,ZARA,20,2021-02-15,168,2,2021,16955
1418,Heels,Female,Skirt,Plain,Pink,18-24,Winter,111.58999633789063,Cotton Blend,430,47,3.5999999046325684,1,ZARA,10,2021-02-15,222,2,2021,43185
1419,Summer Dress,Female,Skirt,Plain,Brown,25-35,Autumn,97.870002746582031,Viscose,239,89,4,6,ZARA,5,2021-03-17,162,3,2021,22221
1420,Summer Dress,Female,Jacket,Geometric,Brown,25-35,Summer,42.590000152587891,Cotton,140,54,3.9000000953674316,3,ZARA,10,2021-03-25,205,3,2021,5366
1421,Beach Shirt,Female,Jacket,Polka Dots,Brown,35-45,All,135.92999267578125,Cotton,417,76,4.3000001907348633,3,ZARA,15,2021-03-12,150,3,2021,48180
1422,Chino Shorts,Female,Shoes,Polka Dots,White,35-45,Summer,82.069999694824219,Cotton,209,66,4.1999998092651367,6,ZARA,10,2021-03-26,210,3,2021,15437
1423,Business Shirt,Female,Dress,Geometric,Beige,18-24,Autumn,135.39999389648438,Denim,184,65,4.5,6,ZARA,10,2021-03-02,139,3,2021,22422
1424,Beach Shirt,Female,Jacket,Polka Dots,Brown,18-24,Autumn,88.69000244140625,Denim,329,42,4.0999999046325684,4,ZARA,20,2021-03-20,239,3,2021,23343
1425,Blouse,Male,Shirt,Geometric,Beige,35-45,Autumn,88.430000305175781,Leather,486,34,5,2,ZARA,20,2021-03-16,223,3,2021,34382
1426,Casual Jeans,Female,Shoes,Polka Dots,Brown,18-24,Summer,66.510002136230469,Cotton Blend,296,46,3.2000000476837158,3,ZARA,10,2021-03-09,118,3,2021,17718
1427,Blouse,Male,Shirt,Plain,White,25-35,Summer,65.129997253417969,Viscose,321,69,4.5,3,ZARA,15,2021-03-18,194,3,2021,17771
1428,Business Shirt,Male,Skirt,Plain,Beige,25-35,Spring,51.930000305175781,Denim,471,67,3.0999999046325684,2,ZARA,20,2021-03-26,204,3,2021,19567
1429,Biker Jacket,Female,Skirt,Plain,Brown,18-24,Spring,130.05999755859375,Wool,291,63,3.4000000953674316,2,ZARA,15,2021-03-01,100,3,2021,32170
1430,Beach Shirt,Male,Skirt,Geometric,Beige,35-45,Autumn,104.30000305175781,Synthetic,429,27,4.0999999046325684,5,ZARA,10,2021-04-18,54,4,2021,40270
1431,Biker Jacket,Male,Blouse,Geometric,White,25-35,All,140.8800048828125,Cotton,93,99,4.1999998092651367,4,ZARA,15,2021-04-14,173,4,2021,11137
1432,Chino Shorts,Female,Blouse,Plain,White,25-35,Autumn,82.620002746582031,Wool,463,74,3.2999999523162842,2,ZARA,20,2021-04-20,90,4,2021,30602
1433,Summer Dress,Male,Shoes,Plain,White,35-45,All,57.290000915527344,Viscose,106,81,4.9000000953674316,2,ZARA,0,2021-04-20,136,4,2021,6073
1434,Beach Shirt,Male,Shoes,Geometric,Brown,25-35,Spring,79.069999694824219,Denim,79,71,3.7999999523162842,2,ZARA,15,2021-04-24,216,4,2021,5310
1435,Biker Jacket,Female,Blouse,Polka Dots,Brown,25-35,Spring,138.91000366210938,Cotton Blend,500,70,4.9000000953674316,6,ZARA,0,2021-04-15,159,4,2021,69455
1436,Summer Dress,Male,Skirt,Plain,Brown,25-35,Winter,23.370000839233398,Denim,247,96,3.5999999046325684,2,ZARA,5,2021-04-06,236,4,2021,5484
1437,Casual Jeans,Female,Blouse,Plain,White,18-24,Summer,104.61000061035156,Viscose,127,65,4.5999999046325684,2,ZARA,20,2021-04-12,92,4,2021,10628
1438,Pattern Skirt,Female,Shoes,Plain,Brown,18-24,Spring,135.97000122070313,Leather,453,24,4.8000001907348633,2,ZARA,20,2021-04-08,179,4,2021,49276
1439,Summer Dress,Male,Blouse,Geometric,White,35-45,Spring,119.27999877929688,Cotton Blend,89,67,4.1999998092651367,2,ZARA,0,2021-04-06,151,4,2021,10616
1440,Wool Jacket,Female,Jacket,Plain,Beige,25-35,All,113.44000244140625,Wool,149,26,3.2999999523162842,2,ZARA,0,2021-04-24,186,4,2021,16903
1441,Summer Dress,Male,Shorts,Polka Dots,White,35-45,Summer,79.319999694824219,Cotton Blend,124,52,4.1999998092651367,1,ZARA,10,2021-05-02,160,5,2021,8852
1442,Business Shirt,Female,Shoes,Polka Dots,Brown,25-35,All,81.760002136230469,Leather,220,50,4.4000000953674316,5,ZARA,20,2021-05-02,91,5,2021,14390
1443,Blouse,Male,Dress,Polka Dots,White,35-45,Winter,111.33000183105469,Synthetic,258,88,3.2999999523162842,5,ZARA,15,2021-05-06,136,5,2021,24415
1444,Beach Shirt,Female,Jeans,Geometric,Beige,35-45,Autumn,35.139999389648438,Cotton Blend,214,98,4.6999998092651367,6,ZARA,5,2021-05-20,161,5,2021,7144
1445,Casual Jeans,Male,Skirt,Geometric,Beige,18-24,Summer,134.77999877929688,Cotton,342,44,3.7000000476837158,1,ZARA,0,2021-05-04,99,5,2021,46095
1446,Chino Shorts,Female,Jacket,Plain,Brown,35-45,Autumn,26.379999160766602,Leather,218,35,4.5,6,ZARA,10,2021-05-06,246,5,2021,5176
1447,Business Shirt,Female,Skirt,Plain,Beige,25-35,All,79.849998474121094,Wool,126,86,3.5999999046325684,2,ZARA,0,2021-05-11,236,5,2021,10061
1448,Casual Jeans,Male,Shoes,Polka Dots,Brown,25-35,Summer,121.54000091552734,Leather,165,36,3.2999999523162842,4,ZARA,5,2021-05-22,195,5,2021,19051
1449,Business Shirt,Female,Dress,Plain,Brown,18-24,Winter,113.01000213623047,Cotton,257,82,3.2999999523162842,2,ZARA,5,2021-05-15,88,5,2021,27591
1450,Summer Dress,Male,Shirt,Polka Dots,White,35-45,Winter,143.94999694824219,Viscose,295,50,3.5999999046325684,3,ZARA,5,2021-05-18,138,5,2021,40342
1451,Pattern Skirt,Male,Shoes,Polka Dots,Beige,35-45,Autumn,25.840000152587891,Denim,409,24,4.9000000953674316,1,ZARA,15,2021-05-05,116,5,2021,8983
1452,Wool Jacket,Female,Jeans,Geometric,Yellow,18-24,Spring,87.19000244140625,Viscose,281,42,4.4000000953674316,4,ZARA,10,2021-06-11,200,6,2021,22050
1453,Summer Dress,Male,Jeans,Geometric,Sky Blue,35-45,Autumn,85.620002746582031,Denim,269,49,4.9000000953674316,6,ZARA,15,2021-06-19,116,6,2021,19577
1454,Blouse,Female,Jeans,Geometric,Sky Blue,18-24,Summer,46.240001678466797,Cotton,111,69,5,5,ZARA,20,2021-06-05,161,6,2021,4106
1455,Blouse,Male,Skirt,Floral,Yellow,25-35,Summer,68.550003051757813,Denim,52,45,3,6,ZARA,20,2021-06-10,206,6,2021,2852
1456,Casual Jeans,Male,Dress,Geometric,White,35-45,Summer,47.610000610351563,Cotton Blend,126,65,3.0999999046325684,2,ZARA,20,2021-06-09,172,6,2021,4799
1457,Wool Jacket,Male,Shorts,Geometric,Sky Blue,25-35,Winter,32.049999237060547,Leather,62,46,3.4000000953674316,5,ZARA,0,2021-06-08,83,6,2021,1987
1458,Wool Jacket,Male,Dress,Floral,Yellow,18-24,Spring,59.669998168945313,Denim,207,87,3.9000000953674316,2,ZARA,0,2021-06-15,174,6,2021,12352
1459,Beach Shirt,Female,Shirt,Plain,White,18-24,Winter,93.110000610351563,Wool,386,40,3.5,1,ZARA,0,2021-06-24,71,6,2021,35940
1460,Casual Jeans,Male,Shoes,Plain,White,25-35,Winter,32.889999389648438,Viscose,182,84,3.5,6,ZARA,20,2021-06-11,196,6,2021,4789
1461,Wool Jacket,Female,Dress,Plain,Sky Blue,25-35,Autumn,144.33000183105469,Synthetic,74,76,4.4000000953674316,1,ZARA,20,2021-06-07,187,6,2021,8544
1462,Heels,Male,Blouse,Plain,White,18-24,All,61.400001525878906,Leather,278,90,3.7999999523162842,3,ZARA,0,2021-06-19,190,6,2021,17069
1463,Summer Dress,Female,Jacket,Polka Dots,Beige,25-35,Winter,67.349998474121094,Synthetic,86,95,3.9000000953674316,4,ZARA,10,2021-07-12,156,7,2021,5213
1464,Beach Shirt,Female,Skirt,Geometric,Brown,18-24,Summer,67.319999694824219,Leather,382,35,4.4000000953674316,5,ZARA,0,2021-07-16,124,7,2021,25716
1465,Pattern Skirt,Male,Skirt,Polka Dots,Beige,35-45,Spring,109.13999938964844,Cotton,329,67,3.4000000953674316,2,ZARA,0,2021-07-27,116,7,2021,35907
1466,Pattern Skirt,Female,Jacket,Plain,Beige,35-45,All,137.5,Cotton,350,54,3.7000000476837158,5,ZARA,0,2021-07-27,239,7,2021,48125
1467,Casual Jeans,Male,Jacket,Geometric,White,18-24,Summer,63.959999084472656,Viscose,246,59,3.7999999523162842,1,ZARA,0,2021-07-29,83,7,2021,15734
1468,Wool Jacket,Female,Shirt,Plain,Beige,35-45,All,27.709999084472656,Denim,442,56,4.3000001907348633,1,ZARA,0,2021-07-10,188,7,2021,12248
1469,Wool Jacket,Female,Shoes,Plain,Brown,35-45,All,80.769996643066406,Denim,196,55,4.5,2,ZARA,20,2021-07-27,193,7,2021,12665
1470,Beach Shirt,Female,Skirt,Polka Dots,White,35-45,Autumn,105.83000183105469,Synthetic,389,86,4.8000001907348633,3,ZARA,5,2021-07-14,138,7,2021,39109
1471,Pattern Skirt,Male,Shirt,Polka Dots,White,25-35,All,139.30999755859375,Viscose,494,72,4.6999998092651367,4,ZARA,15,2021-07-04,51,7,2021,58496
1472,Casual Jeans,Female,Blouse,Geometric,White,35-45,All,144.8699951171875,Cotton,69,72,4.3000001907348633,5,ZARA,20,2021-07-21,100,7,2021,7997
1473,Summer Dress,Male,Shirt,Polka Dots,Brown,25-35,Autumn,49.970001220703125,Cotton,127,97,3.9000000953674316,6,ZARA,5,2021-07-20,157,7,2021,6029
1474,Heels,Female,Jacket,Geometric,Beige,35-45,All,60.770000457763672,Viscose,488,70,3.9000000953674316,6,ZARA,10,2021-08-09,63,8,2021,26690
1475,Biker Jacket,Female,Blouse,Plain,White,18-24,Spring,40.970001220703125,Cotton,120,22,4.5,1,ZARA,0,2021-08-06,215,8,2021,4916
1476,Casual Jeans,Male,Skirt,Plain,Beige,18-24,All,90.989997863769531,Synthetic,110,77,3.7000000476837158,5,ZARA,15,2021-08-13,166,8,2021,8508
1477,Biker Jacket,Female,Dress,Plain,White,35-45,Summer,53.259998321533203,Synthetic,272,48,4.5,1,ZARA,5,2021-08-14,229,8,2021,13762
1478,Beach Shirt,Male,Blouse,Geometric,Brown,35-45,All,76.199996948242188,Cotton Blend,476,88,3.5999999046325684,3,ZARA,20,2021-08-29,168,8,2021,29017
1479,Casual Jeans,Male,Shorts,Polka Dots,Beige,25-35,Autumn,116.01000213623047,Wool,465,86,4.5999999046325684,5,ZARA,10,2021-08-03,234,8,2021,48550
1480,Business Shirt,Male,Jeans,Plain,White,25-35,Autumn,42.819999694824219,Cotton,178,79,3.9000000953674316,4,ZARA,15,2021-08-25,132,8,2021,6479
1481,Business Shirt,Male,Shoes,Geometric,Brown,25-35,Summer,27.729999542236328,Cotton Blend,350,70,5,2,ZARA,15,2021-08-23,129,8,2021,8250
1482,Biker Jacket,Male,Shorts,Polka Dots,Brown,25-35,All,76.449996948242188,Cotton,295,84,4.8000001907348633,1,ZARA,20,2021-08-16,235,8,2021,18042
1483,Wool Jacket,Female,Jacket,Geometric,Brown,18-24,Winter,129.14999389648438,Leather,279,47,4.3000001907348633,2,ZARA,20,2021-08-03,214,8,2021,28826
1484,Chino Shorts,Female,Skirt,Polka Dots,White,35-45,Summer,133.50999450683594,Cotton Blend,99,89,4.8000001907348633,5,ZARA,10,2021-08-17,50,8,2021,11896
1485,Beach Shirt,Female,Shoes,Geometric,Beige,35-45,Autumn,84.230003356933594,Viscose,473,47,3.9000000953674316,4,ZARA,5,2021-09-05,193,9,2021,37849
1486,Casual Jeans,Male,Shoes,Geometric,White,35-45,Winter,116.79000091552734,Wool,218,58,3.7000000476837158,2,ZARA,5,2021-09-14,210,9,2021,24187
1487,Blouse,Female,Blouse,Plain,White,25-35,Autumn,140.74000549316406,Denim,145,67,4.9000000953674316,3,ZARA,10,2021-09-26,73,9,2021,18367
1488,Beach Shirt,Male,Blouse,Geometric,White,35-45,Winter,40.369998931884766,Cotton,299,50,3.7000000476837158,1,ZARA,15,2021-09-15,224,9,2021,10260
1489,Blouse,Female,Jacket,Polka Dots,White,18-24,Summer,80.930000305175781,Leather,354,47,4.3000001907348633,5,ZARA,20,2021-09-20,141,9,2021,22919
1490,Blouse,Male,Shirt,Plain,Beige,18-24,Autumn,103.12999725341797,Leather,86,22,4.5999999046325684,5,ZARA,15,2021-09-18,164,9,2021,7539
1491,Wool Jacket,Female,Jeans,Plain,Brown,25-35,Autumn,81.790000915527344,Leather,232,94,4.5,5,ZARA,15,2021-09-23,187,9,2021,16129
1492,Blouse,Male,Shorts,Plain,Beige,18-24,Summer,51.229999542236328,Viscose,50,84,4.9000000953674316,2,ZARA,15,2021-09-23,238,9,2021,2177
1493,Chino Shorts,Male,Dress,Plain,White,35-45,Spring,39.979999542236328,Leather,456,93,3.9000000953674316,5,ZARA,20,2021-09-18,52,9,2021,14585
1494,Casual Jeans,Male,Jeans,Geometric,Beige,35-45,Summer,60.25,Leather,280,23,4,4,ZARA,5,2021-09-28,93,9,2021,16027
1495,Beach Shirt,Female,Dress,Polka Dots,Brown,25-35,All,51.810001373291016,Cotton Blend,289,85,3.5999999046325684,1,ZARA,20,2021-09-29,212,9,2021,11978
1496,Beach Shirt,Male,Shoes,Striped,Orange,18-24,Summer,137.75,Leather,442,60,4.1999998092651367,1,ZARA,15,2021-10-29,145,10,2021,51753
1497,Business Shirt,Female,Shorts,Plain,Black,18-24,All,119.56999969482422,Cotton,407,56,3.7000000476837158,4,ZARA,0,2021-10-16,157,10,2021,48665
1498,Chino Shorts,Male,Blouse,Striped,Orange,18-24,Summer,98.949996948242188,Wool,118,99,4,2,ZARA,5,2021-10-11,130,10,2021,11092
1499,Business Shirt,Female,Jacket,Plain,Orange,25-35,Summer,40.779998779296875,Cotton Blend,139,54,4.0999999046325684,3,ZARA,10,2021-10-03,96,10,2021,5102
1500,Heels,Female,Shoes,Plain,Orange,18-24,Winter,125.02999877929688,Viscose,242,36,3.2999999523162842,3,ZARA,0,2021-10-02,219,10,2021,30257
1501,Business Shirt,Male,Skirt,Striped,Black,18-24,Autumn,70,Viscose,362,67,4.1999998092651367,2,ZARA,5,2021-10-28,65,10,2021,24073
1502,Biker Jacket,Female,Blouse,Plain,Black,18-24,Winter,89.949996948242188,Cotton,135,39,3.2000000476837158,6,ZARA,20,2021-10-22,119,10,2021,9715
1503,Casual Jeans,Male,Shirt,Striped,Black,35-45,Summer,50.729999542236328,Wool,405,55,4.6999998092651367,5,ZARA,15,2021-10-22,76,10,2021,17464
1504,Chino Shorts,Male,Skirt,Striped,Black,18-24,All,61.799999237060547,Wool,264,36,3.0999999046325684,5,ZARA,5,2021-10-21,147,10,2021,15499
1505,Pattern Skirt,Female,Shorts,Plain,Black,18-24,Winter,79.029998779296875,Viscose,232,78,4.6999998092651367,3,ZARA,20,2021-10-26,97,10,2021,14668
1506,Summer Dress,Male,Skirt,Plain,Orange,35-45,All,92.949996948242188,Wool,388,90,3.7000000476837158,5,ZARA,0,2021-10-28,194,10,2021,36065
1507,Beach Shirt,Female,Jacket,Polka Dots,Navy Blue,25-35,Autumn,87.269996643066406,Cotton Blend,70,29,4.5,6,ZARA,20,2021-11-25,221,11,2021,4887
1508,Casual Jeans,Female,Jacket,Polka Dots,White,18-24,Winter,70.25,Viscose,389,54,4.0999999046325684,1,ZARA,5,2021-11-22,195,11,2021,25961
1509,Beach Shirt,Male,Dress,Geometric,Grey,25-35,All,54.950000762939453,Leather,312,78,3.2999999523162842,5,ZARA,15,2021-11-15,50,11,2021,14573
1510,Biker Jacket,Male,Jeans,Plain,White,25-35,Winter,42.560001373291016,Leather,318,47,3.5999999046325684,4,ZARA,10,2021-11-14,218,11,2021,12181
1511,Beach Shirt,Male,Blouse,Polka Dots,White,35-45,All,122.01999664306641,Viscose,252,95,4.5999999046325684,2,ZARA,15,2021-11-28,159,11,2021,26137
1512,Blouse,Male,Jeans,Geometric,White,25-35,Summer,53.520000457763672,Leather,483,72,4.8000001907348633,5,ZARA,0,2021-11-17,164,11,2021,25850
1513,Pattern Skirt,Female,Shirt,Plain,Navy Blue,18-24,All,82.220001220703125,Leather,434,52,3.7999999523162842,4,ZARA,15,2021-11-07,231,11,2021,30331
1514,Chino Shorts,Female,Blouse,Plain,White,35-45,All,28.950000762939453,Denim,132,58,4.1999998092651367,4,ZARA,15,2021-11-21,89,11,2021,3248
1515,Beach Shirt,Female,Jacket,Geometric,Grey,25-35,Summer,128.82000732421875,Viscose,55,40,4.0999999046325684,5,ZARA,0,2021-11-21,231,11,2021,7085
1516,Beach Shirt,Female,Jacket,Polka Dots,Grey,35-45,All,71.480003356933594,Cotton,396,80,4.1999998092651367,4,ZARA,20,2021-11-06,197,11,2021,22645
1517,Heels,Female,Dress,Polka Dots,White,18-24,Summer,24.530000686645508,Synthetic,465,73,4.5999999046325684,5,ZARA,0,2021-11-26,167,11,2021,11406
1518,Blouse,Female,Dress,Polka Dots,Green,25-35,Winter,116.38999938964844,Cotton Blend,222,66,3.9000000953674316,3,ZARA,20,2021-12-22,96,12,2021,20671
1519,Pattern Skirt,Female,Blouse,Polka Dots,White,18-24,All,67.610000610351563,Denim,300,20,4.3000001907348633,3,ZARA,5,2021-12-26,241,12,2021,19269
1520,Casual Jeans,Female,Jacket,Plain,Green,18-24,All,34.450000762939453,Wool,153,27,4.0999999046325684,6,ZARA,15,2021-12-27,103,12,2021,4480
1521,Chino Shorts,Female,Shirt,Plain,White,35-45,Spring,46.819999694824219,Viscose,279,83,4.5,2,ZARA,10,2021-12-21,239,12,2021,11757
1522,Casual Jeans,Female,Jacket,Plain,White,35-45,All,68.180000305175781,Leather,214,79,3.4000000953674316,3,ZARA,10,2021-12-09,94,12,2021,13131
1523,Beach Shirt,Male,Skirt,Plain,Green,35-45,Summer,47.509998321533203,Viscose,394,23,4.0999999046325684,6,ZARA,15,2021-12-17,82,12,2021,15911
1524,Heels,Female,Dress,Polka Dots,Green,18-24,All,82.220001220703125,Denim,371,38,4.5,1,ZARA,15,2021-12-13,149,12,2021,25928
1525,Biker Jacket,Male,Skirt,Geometric,Red,18-24,Spring,115.12000274658203,Leather,205,89,3.2999999523162842,5,ZARA,15,2021-12-07,66,12,2021,20060
1526,Business Shirt,Male,Shorts,Plain,White,18-24,Autumn,104.44999694824219,Viscose,312,96,3.7999999523162842,4,ZARA,15,2021-12-24,73,12,2021,27700
1527,Wool Jacket,Female,Jacket,Plain,Green,35-45,All,27.010000228881836,Cotton,286,34,3.2999999523162842,6,ZARA,0,2021-12-08,153,12,2021,7725
1528,Casual Jeans,Female,Jeans,Geometric,Red,25-35,Autumn,62.560001373291016,Wool,157,99,3.0999999046325684,6,ZARA,10,2021-12-25,243,12,2021,8840
1529,Beach Shirt,Male,Shoes,Plain,White,18-24,Spring,78.019996643066406,Viscose,182,99,3.7999999523162842,3,ZARA,20,2022-01-29,128,1,2022,11360
1530,Casual Jeans,Male,Jacket,Polka Dots,Beige,25-35,Summer,145.75,Cotton Blend,325,57,3.5999999046325684,5,ZARA,10,2022-01-28,242,1,2022,42632
1531,Casual Jeans,Male,Shorts,Plain,Brown,18-24,All,103.19000244140625,Denim,252,40,3.5,6,ZARA,0,2022-01-23,125,1,2022,26004
1532,Heels,Male,Dress,Polka Dots,White,35-45,Autumn,141.38999938964844,Viscose,52,55,3.5999999046325684,4,ZARA,0,2022-01-20,234,1,2022,7352
1533,Casual Jeans,Male,Shoes,Plain,Brown,25-35,Spring,135.58999633789063,Synthetic,295,32,4.5999999046325684,5,ZARA,0,2022-01-22,245,1,2022,39999
1534,Beach Shirt,Female,Jacket,Geometric,White,25-35,Spring,23.069999694824219,Cotton Blend,162,79,3.7999999523162842,4,ZARA,20,2022-01-16,186,1,2022,2990
1535,Biker Jacket,Female,Dress,Geometric,White,35-45,All,28.420000076293945,Wool,91,49,4.9000000953674316,3,ZARA,0,2022-01-26,209,1,2022,2586
1536,Heels,Female,Dress,Plain,White,35-45,Autumn,131.47999572753906,Leather,427,31,3.0999999046325684,6,ZARA,0,2022-01-12,167,1,2022,56142
1537,Blouse,Female,Shirt,Polka Dots,Brown,25-35,Summer,99.69000244140625,Leather,491,83,3.4000000953674316,1,ZARA,5,2022-01-07,60,1,2022,46500
1538,Wool Jacket,Male,Dress,Geometric,White,25-35,All,103.94999694824219,Denim,408,85,4.3000001907348633,2,ZARA,15,2022-01-26,141,1,2022,36050
1539,Summer Dress,Female,Dress,Geometric,White,18-24,Spring,114.27999877929688,Cotton Blend,233,53,4.9000000953674316,1,ZARA,5,2022-01-07,143,1,2022,25296
1540,Casual Jeans,Male,Skirt,Polka Dots,Red,35-45,Autumn,62.819999694824219,Denim,334,90,3.2999999523162842,3,ZARA,0,2022-02-02,177,2,2022,20982
1541,Summer Dress,Male,Shoes,Polka Dots,Pink,25-35,Spring,128.42999267578125,Denim,197,51,4.9000000953674316,4,ZARA,0,2022-02-20,207,2,2022,25301
1542,Pattern Skirt,Female,Shirt,Polka Dots,Pink,35-45,All,147.24000549316406,Leather,442,63,3.7000000476837158,3,ZARA,0,2022-02-15,172,2,2022,65080
1543,Wool Jacket,Male,Skirt,Polka Dots,Pink,25-35,Autumn,36.509998321533203,Leather,190,70,4.5999999046325684,2,ZARA,10,2022-02-07,250,2,2022,6243
1544,Heels,Male,Blouse,Plain,Red,25-35,All,145.27999877929688,Denim,65,77,4.0999999046325684,2,ZARA,5,2022-02-09,158,2,2022,8971
1545,Pattern Skirt,Female,Shorts,Polka Dots,Red,18-24,Winter,117.41999816894531,Wool,113,44,3.2999999523162842,5,ZARA,10,2022-02-18,124,2,2022,11942
1546,Chino Shorts,Male,Blouse,Heart,Red,25-35,Spring,79.330001831054688,Leather,407,39,4.0999999046325684,2,ZARA,20,2022-02-25,212,2,2022,25830
1547,Beach Shirt,Female,Blouse,Plain,Pink,25-35,Winter,93.099998474121094,Cotton Blend,69,35,3.7000000476837158,2,ZARA,5,2022-02-26,167,2,2022,6103
1548,Beach Shirt,Male,Jacket,Polka Dots,Red,18-24,All,148.46000671386719,Synthetic,239,58,3.0999999046325684,1,ZARA,0,2022-02-27,133,2,2022,35482
1549,Pattern Skirt,Male,Blouse,Polka Dots,Pink,18-24,Autumn,59.040000915527344,Denim,209,23,4.9000000953674316,4,ZARA,5,2022-02-01,159,2,2022,11722
1550,Chino Shorts,Female,Dress,Heart,Red,35-45,All,34.569999694824219,Viscose,438,89,3.2999999523162842,4,ZARA,20,2022-02-14,160,2,2022,12113
1551,Pattern Skirt,Male,Shorts,Geometric,Brown,35-45,Summer,60.659999847412109,Synthetic,383,61,3.5999999046325684,1,ZARA,15,2022-03-11,244,3,2022,19748
1552,Business Shirt,Female,Shorts,Polka Dots,Beige,18-24,Winter,138.03999328613281,Cotton,371,75,3,2,ZARA,20,2022-03-19,153,3,2022,40970
1553,Heels,Female,Skirt,Plain,Beige,25-35,Autumn,50.060001373291016,Leather,481,82,3.9000000953674316,3,ZARA,10,2022-03-06,145,3,2022,21671
1554,Heels,Male,Shorts,Geometric,White,35-45,Spring,76.699996948242188,Cotton Blend,63,91,4.9000000953674316,6,ZARA,15,2022-03-16,237,3,2022,4107
1555,Heels,Male,Shoes,Geometric,Brown,35-45,Summer,27.739999771118164,Leather,141,86,3.0999999046325684,1,ZARA,20,2022-03-16,149,3,2022,3129
1556,Chino Shorts,Female,Shorts,Polka Dots,White,35-45,Spring,112.98999786376953,Synthetic,241,59,4.6999998092651367,3,ZARA,0,2022-03-17,140,3,2022,27231
1557,Beach Shirt,Male,Shorts,Polka Dots,Brown,18-24,Autumn,102.06999969482422,Cotton,191,55,3.2999999523162842,1,ZARA,15,2022-03-13,175,3,2022,16571
1558,Casual Jeans,Female,Shoes,Polka Dots,Brown,25-35,Summer,31.709999084472656,Denim,212,49,4,2,ZARA,5,2022-03-14,94,3,2022,6386
1559,Chino Shorts,Male,Dress,Polka Dots,White,25-35,All,67.010002136230469,Denim,488,79,3.5,3,ZARA,10,2022-03-09,151,3,2022,29431
1560,Pattern Skirt,Female,Shorts,Geometric,Brown,18-24,Autumn,77.129997253417969,Cotton,306,37,3.2000000476837158,6,ZARA,15,2022-03-15,109,3,2022,20062
1561,Business Shirt,Male,Dress,Polka Dots,Beige,25-35,Winter,50.150001525878906,Viscose,86,85,4.9000000953674316,5,ZARA,20,2022-03-17,229,3,2022,3450
1562,Wool Jacket,Male,Jeans,Plain,Beige,25-35,Spring,112.77999877929688,Synthetic,489,93,3.7000000476837158,5,ZARA,5,2022-04-03,138,4,2022,52392
1563,Beach Shirt,Female,Jeans,Plain,Brown,18-24,Spring,37.540000915527344,Synthetic,327,88,4.8000001907348633,5,ZARA,5,2022-04-24,228,4,2022,11662
1564,Heels,Female,Dress,Polka Dots,Brown,18-24,Winter,135.30000305175781,Synthetic,490,38,3,4,ZARA,15,2022-04-02,84,4,2022,56352
1565,Beach Shirt,Female,Blouse,Plain,White,35-45,Autumn,87.660003662109375,Leather,74,79,3.7999999523162842,1,ZARA,10,2022-04-07,121,4,2022,5838
1566,Pattern Skirt,Female,Blouse,Geometric,Brown,25-35,Spring,141.92999267578125,Viscose,278,63,5,3,ZARA,10,2022-04-13,87,4,2022,35511
1567,Summer Dress,Female,Shirt,Geometric,Beige,35-45,Spring,89.139999389648438,Leather,159,99,3.5,5,ZARA,0,2022-04-17,119,4,2022,14173
1568,Pattern Skirt,Female,Shirt,Plain,Brown,18-24,Summer,23.190000534057617,Synthetic,471,32,3.7999999523162842,2,ZARA,15,2022-04-27,211,4,2022,9284
1569,Beach Shirt,Male,Shorts,Geometric,Beige,18-24,Autumn,114.02999877929688,Denim,98,90,4.1999998092651367,6,ZARA,10,2022-04-11,218,4,2022,10057
1570,Heels,Female,Blouse,Geometric,White,35-45,Summer,121.19000244140625,Viscose,59,60,3.7000000476837158,4,ZARA,10,2022-04-23,144,4,2022,6435
1571,Heels,Male,Jeans,Polka Dots,Brown,25-35,Summer,59.439998626708984,Cotton Blend,462,35,4.8000001907348633,2,ZARA,15,2022-04-12,50,4,2022,23342
1572,Blouse,Female,Skirt,Polka Dots,White,18-24,All,96.699996948242188,Leather,52,92,3.5999999046325684,2,ZARA,20,2022-04-05,101,4,2022,4023
1573,Beach Shirt,Male,Shoes,Polka Dots,Brown,18-24,Autumn,73.370002746582031,Viscose,144,25,3.2000000476837158,6,ZARA,0,2022-05-10,218,5,2022,10565
1574,Pattern Skirt,Male,Skirt,Plain,Beige,18-24,Autumn,21.340000152587891,Denim,282,56,4.6999998092651367,3,ZARA,10,2022-05-01,169,5,2022,5416
1575,Blouse,Male,Shirt,Geometric,Brown,35-45,All,96.349998474121094,Denim,421,84,4.9000000953674316,1,ZARA,20,2022-05-13,96,5,2022,32451
1576,Biker Jacket,Male,Skirt,Plain,Brown,35-45,All,82.010002136230469,Denim,494,76,3.2000000476837158,5,ZARA,0,2022-05-16,56,5,2022,40513
1577,Biker Jacket,Male,Dress,Polka Dots,White,18-24,Winter,73.430000305175781,Leather,178,24,4.5,5,ZARA,20,2022-05-10,226,5,2022,10456
1578,Wool Jacket,Female,Blouse,Plain,Brown,35-45,All,21.629999160766602,Denim,64,33,4,5,ZARA,0,2022-05-15,239,5,2022,1384
1579,Chino Shorts,Male,Shirt,Polka Dots,Brown,25-35,Autumn,135.74000549316406,Synthetic,249,93,4.9000000953674316,4,ZARA,15,2022-05-10,242,5,2022,28729
1580,Blouse,Male,Skirt,Geometric,Beige,35-45,Autumn,71.680000305175781,Viscose,79,52,4,4,ZARA,5,2022-05-19,237,5,2022,5380
1581,Biker Jacket,Female,Dress,Polka Dots,Brown,18-24,Autumn,60.509998321533203,Synthetic,349,33,4.9000000953674316,5,ZARA,5,2022-05-14,139,5,2022,20062
1582,Casual Jeans,Female,Jacket,Geometric,Beige,18-24,Spring,126.76999664306641,Wool,69,81,3.5999999046325684,1,ZARA,15,2022-05-21,183,5,2022,7435
1583,Wool Jacket,Female,Shoes,Geometric,Beige,18-24,Spring,64.519996643066406,Wool,245,69,3.9000000953674316,5,ZARA,0,2022-05-14,107,5,2022,15807
1584,Beach Shirt,Female,Blouse,Floral,Sky Blue,35-45,Spring,77.25,Leather,161,41,3.5999999046325684,4,ZARA,0,2022-06-01,143,6,2022,12437
1585,Summer Dress,Female,Skirt,Plain,White,18-24,All,41.369998931884766,Synthetic,279,96,3,1,ZARA,10,2022-06-08,130,6,2022,10388
1586,Blouse,Male,Shorts,Plain,Sky Blue,35-45,All,31.549999237060547,Cotton Blend,452,44,3.7999999523162842,4,ZARA,10,2022-06-09,102,6,2022,12835
1587,Summer Dress,Male,Dress,Plain,Sky Blue,35-45,All,61.669998168945313,Denim,98,49,3.7000000476837158,6,ZARA,20,2022-06-01,241,6,2022,4835
1588,Heels,Female,Shoes,Floral,Sky Blue,25-35,Autumn,93.400001525878906,Wool,486,99,3.5999999046325684,5,ZARA,5,2022-06-02,244,6,2022,43123
1589,Biker Jacket,Male,Blouse,Geometric,Yellow,18-24,Spring,111.15000152587891,Cotton,214,80,3.4000000953674316,5,ZARA,20,2022-06-18,247,6,2022,19029
1590,Summer Dress,Female,Shorts,Plain,White,25-35,Autumn,111.01000213623047,Leather,255,66,4.5999999046325684,2,ZARA,10,2022-06-13,239,6,2022,25477
1591,Casual Jeans,Male,Jeans,Plain,Sky Blue,35-45,All,53.380001068115234,Wool,181,35,4.5999999046325684,1,ZARA,5,2022-06-14,84,6,2022,9179
1592,Casual Jeans,Female,Skirt,Geometric,Yellow,18-24,Summer,65.040000915527344,Cotton Blend,402,30,3.7999999523162842,4,ZARA,10,2022-06-18,69,6,2022,23531
1593,Wool Jacket,Male,Shoes,Geometric,Yellow,25-35,Autumn,70.209999084472656,Leather,266,74,3.2000000476837158,3,ZARA,0,2022-06-12,137,6,2022,18676
1594,Wool Jacket,Male,Dress,Floral,Sky Blue,25-35,Autumn,52.810001373291016,Cotton Blend,375,66,4.3000001907348633,6,ZARA,15,2022-06-21,184,6,2022,16833
1595,Casual Jeans,Male,Jeans,Geometric,Brown,35-45,Spring,113.63999938964844,Wool,381,58,3.5999999046325684,6,ZARA,5,2022-07-08,221,7,2022,41132
1596,Beach Shirt,Male,Shorts,Plain,Beige,35-45,Winter,37.049999237060547,Cotton Blend,245,22,3.9000000953674316,5,ZARA,20,2022-07-15,138,7,2022,7262
1597,Chino Shorts,Female,Blouse,Plain,Brown,25-35,Autumn,43.549999237060547,Wool,370,59,3.5,4,ZARA,15,2022-07-06,124,7,2022,13696
1598,Casual Jeans,Male,Jeans,Geometric,Brown,25-35,Autumn,78.599998474121094,Cotton Blend,81,34,4.4000000953674316,5,ZARA,0,2022-07-05,239,7,2022,6367
1599,Heels,Male,Jacket,Polka Dots,White,25-35,Autumn,149.92999267578125,Synthetic,361,78,4.0999999046325684,2,ZARA,15,2022-07-14,128,7,2022,46006
1600,Heels,Male,Shorts,Geometric,White,25-35,Summer,32.430000305175781,Synthetic,200,100,3.7000000476837158,1,ZARA,5,2022-07-20,98,7,2022,6162
1601,Blouse,Female,Skirt,Plain,White,25-35,Autumn,120.69999694824219,Wool,77,25,3.2999999523162842,5,ZARA,20,2022-07-29,168,7,2022,7435
1602,Business Shirt,Male,Jeans,Geometric,Beige,35-45,All,72.769996643066406,Synthetic,428,99,4.5999999046325684,2,ZARA,20,2022-07-06,173,7,2022,24916
1603,Blouse,Male,Shirt,Plain,Brown,35-45,Winter,107.91000366210938,Wool,344,98,4.8000001907348633,4,ZARA,15,2022-07-24,131,7,2022,31553
1604,Blouse,Female,Shorts,Geometric,Beige,25-35,Spring,141.74000549316406,Viscose,221,34,4.9000000953674316,5,ZARA,20,2022-07-19,197,7,2022,25060
1605,Wool Jacket,Female,Jacket,Plain,Brown,35-45,Winter,116.08000183105469,Viscose,303,37,4.0999999046325684,3,ZARA,0,2022-07-04,169,7,2022,35172
1606,Pattern Skirt,Male,Blouse,Plain,White,35-45,All,64.75,Synthetic,159,65,4.4000000953674316,4,ZARA,10,2022-08-21,174,8,2022,9266
1607,Wool Jacket,Female,Blouse,Plain,Brown,35-45,Autumn,96.879997253417969,Synthetic,394,49,3.0999999046325684,3,ZARA,20,2022-08-15,122,8,2022,30537
1608,Blouse,Female,Dress,Plain,Beige,18-24,Spring,134.52999877929688,Denim,427,53,4.5,1,ZARA,0,2022-08-24,63,8,2022,57444
1609,Pattern Skirt,Male,Shorts,Polka Dots,Beige,25-35,Winter,80.069999694824219,Leather,239,88,4.0999999046325684,6,ZARA,5,2022-08-05,85,8,2022,18180
1610,Chino Shorts,Male,Jacket,Polka Dots,White,25-35,Winter,76.599998474121094,Wool,59,28,4.3000001907348633,3,ZARA,20,2022-08-27,73,8,2022,3616
1611,Beach Shirt,Female,Shoes,Plain,White,35-45,Spring,65.650001525878906,Leather,59,85,4.5,4,ZARA,0,2022-08-17,215,8,2022,3873
1612,Biker Jacket,Female,Shirt,Polka Dots,Brown,18-24,Spring,101.68000030517578,Leather,193,23,3.7000000476837158,5,ZARA,5,2022-08-14,74,8,2022,18643
1613,Beach Shirt,Male,Skirt,Geometric,Beige,35-45,All,20.25,Leather,112,50,3.0999999046325684,6,ZARA,20,2022-08-27,92,8,2022,1814
1614,Pattern Skirt,Male,Jeans,Polka Dots,Beige,35-45,Summer,111.80000305175781,Wool,371,84,4.5999999046325684,1,ZARA,20,2022-08-08,116,8,2022,33182
1615,Wool Jacket,Male,Shirt,Plain,Brown,35-45,All,146.82000732421875,Viscose,53,93,3.9000000953674316,5,ZARA,0,2022-08-19,217,8,2022,7781
1616,Biker Jacket,Female,Skirt,Plain,Brown,18-24,Summer,34.990001678466797,Viscose,286,43,3,3,ZARA,5,2022-08-09,96,8,2022,9507
1617,Blouse,Male,Shoes,Geometric,Brown,35-45,All,69.19000244140625,Leather,331,48,4.5,6,ZARA,15,2022-09-10,233,9,2022,19467
1618,Blouse,Male,Jeans,Polka Dots,Beige,18-24,Autumn,144.27999877929688,Cotton Blend,353,49,3.5,1,ZARA,10,2022-09-23,212,9,2022,45838
1619,Business Shirt,Male,Shorts,Plain,Beige,25-35,Winter,144.78999328613281,Cotton,333,46,3.4000000953674316,5,ZARA,0,2022-09-24,234,9,2022,48215
1620,Beach Shirt,Male,Jeans,Polka Dots,White,35-45,Winter,62.680000305175781,Viscose,86,50,3.7999999523162842,5,ZARA,0,2022-09-21,54,9,2022,5390
1621,Chino Shorts,Female,Dress,Geometric,Brown,25-35,Winter,98.010002136230469,Leather,347,97,3.2000000476837158,3,ZARA,15,2022-09-16,58,9,2022,28908
1622,Business Shirt,Female,Dress,Plain,Beige,25-35,Summer,85.959999084472656,Cotton Blend,146,34,3.2000000476837158,2,ZARA,0,2022-09-13,62,9,2022,12550
1623,Summer Dress,Male,Skirt,Polka Dots,Beige,18-24,Winter,34.869998931884766,Viscose,172,33,4.5999999046325684,2,ZARA,5,2022-09-21,154,9,2022,5698
1624,Wool Jacket,Female,Jeans,Polka Dots,Beige,35-45,Spring,60.020000457763672,Denim,259,41,4.3000001907348633,6,ZARA,5,2022-09-23,231,9,2022,14768
1625,Summer Dress,Male,Shoes,Plain,Brown,18-24,Spring,148.91999816894531,Wool,155,40,3.7999999523162842,1,ZARA,10,2022-09-16,194,9,2022,20774
1626,Casual Jeans,Male,Jeans,Polka Dots,Beige,25-35,Spring,139.27999877929688,Cotton,303,97,4,2,ZARA,15,2022-09-20,68,9,2022,35872
1627,Chino Shorts,Female,Skirt,Geometric,Brown,18-24,Autumn,127.55999755859375,Synthetic,70,91,4.3000001907348633,2,ZARA,20,2022-09-03,65,9,2022,7143
1628,Wool Jacket,Female,Jacket,Plain,Orange,25-35,Spring,149.41000366210938,Cotton Blend,491,76,4.3000001907348633,4,ZARA,10,2022-10-03,80,10,2022,66024
1629,Business Shirt,Male,Blouse,Striped,Orange,35-45,Autumn,53.009998321533203,Cotton Blend,308,70,3,6,ZARA,10,2022-10-07,169,10,2022,14694
1630,Chino Shorts,Female,Skirt,Striped,Black,25-35,Summer,79.180000305175781,Leather,435,89,4,5,ZARA,10,2022-10-28,81,10,2022,30999
1631,Heels,Female,Blouse,Striped,Black,18-24,Spring,44.919998168945313,Wool,340,71,4.5,1,ZARA,5,2022-10-16,136,10,2022,14509
1632,Summer Dress,Male,Jacket,Striped,Orange,25-35,Summer,46.090000152587891,Cotton,122,49,4.6999998092651367,5,ZARA,10,2022-10-24,186,10,2022,5061
1633,Beach Shirt,Male,Jeans,Striped,Black,25-35,Winter,38.130001068115234,Leather,313,98,3.7000000476837158,2,ZARA,10,2022-10-04,99,10,2022,10741
1634,Wool Jacket,Male,Shorts,Plain,Black,25-35,Spring,48.240001678466797,Synthetic,105,82,4.1999998092651367,2,ZARA,0,2022-10-28,153,10,2022,5065
1635,Pattern Skirt,Female,Skirt,Plain,Black,35-45,Summer,56.200000762939453,Leather,65,71,4.9000000953674316,2,ZARA,20,2022-10-18,161,10,2022,2922
1636,Blouse,Male,Shirt,Plain,Orange,25-35,All,52.810001373291016,Viscose,218,67,3.7000000476837158,2,ZARA,20,2022-10-28,242,10,2022,9210
1637,Casual Jeans,Male,Jacket,Striped,Black,35-45,Spring,141.19000244140625,Synthetic,472,76,4.0999999046325684,1,ZARA,5,2022-10-09,162,10,2022,63310
1638,Wool Jacket,Female,Shirt,Striped,Black,25-35,Winter,143.38999938964844,Cotton Blend,145,44,3.5,2,ZARA,20,2022-10-14,98,10,2022,16633
1639,Beach Shirt,Female,Skirt,Polka Dots,White,25-35,Autumn,20.639999389648438,Cotton,190,23,3.2999999523162842,1,ZARA,0,2022-11-25,108,11,2022,3922
1640,Casual Jeans,Male,Jeans,Plain,White,35-45,All,101.47000122070313,Wool,471,69,3.7000000476837158,5,ZARA,0,2022-11-25,126,11,2022,47792
1641,Business Shirt,Male,Shoes,Polka Dots,White,25-35,Autumn,148.75,Synthetic,412,83,3.5999999046325684,1,ZARA,10,2022-11-22,72,11,2022,55157
1642,Biker Jacket,Male,Jacket,Geometric,Navy Blue,25-35,Winter,149.19000244140625,Cotton,256,56,3.2999999523162842,2,ZARA,5,2022-11-10,186,11,2022,36283
1643,Biker Jacket,Female,Shorts,Plain,Grey,25-35,Winter,49.020000457763672,Cotton Blend,233,38,4.4000000953674316,4,ZARA,10,2022-11-23,55,11,2022,10279
1644,Pattern Skirt,Female,Jeans,Geometric,Navy Blue,18-24,Spring,93.599998474121094,Cotton Blend,418,31,3.7000000476837158,2,ZARA,0,2022-11-02,70,11,2022,39125
1645,Beach Shirt,Male,Skirt,Polka Dots,Grey,25-35,All,55.880001068115234,Wool,203,40,4.8000001907348633,5,ZARA,10,2022-11-26,215,11,2022,10209
1646,Wool Jacket,Female,Jacket,Polka Dots,Grey,35-45,Spring,124.34999847412109,Cotton,434,51,3.2000000476837158,4,ZARA,10,2022-11-09,178,11,2022,48571
1647,Chino Shorts,Male,Shirt,Geometric,Grey,35-45,Summer,137.08000183105469,Denim,88,60,4.5,5,ZARA,5,2022-11-29,114,11,2022,11460
1648,Blouse,Female,Skirt,Geometric,White,25-35,Summer,77.699996948242188,Denim,144,97,3.2000000476837158,1,ZARA,10,2022-11-26,51,11,2022,10070
1649,Blouse,Female,Jeans,Plain,Grey,18-24,All,127.81999969482422,Viscose,321,92,3.0999999046325684,3,ZARA,10,2022-11-25,150,11,2022,36927
1650,Blouse,Male,Jeans,Geometric,Red,35-45,Spring,82.19000244140625,Cotton Blend,482,99,5,1,ZARA,15,2022-12-10,177,12,2022,33673
1651,Business Shirt,Male,Shirt,Geometric,White,25-35,All,78.870002746582031,Leather,338,41,3.5,5,ZARA,0,2022-12-04,237,12,2022,26658
1652,Heels,Male,Shoes,Polka Dots,White,18-24,All,32.139999389648438,Wool,431,21,3.5999999046325684,6,ZARA,0,2022-12-10,196,12,2022,13852
1653,Beach Shirt,Male,Shirt,Plain,Green,35-45,Summer,84.669998168945313,Viscose,252,49,4.4000000953674316,5,ZARA,10,2022-12-15,171,12,2022,19203
1654,Heels,Female,Jeans,Geometric,Red,18-24,Summer,37.709999084472656,Cotton Blend,467,98,4.1999998092651367,2,ZARA,10,2022-12-25,248,12,2022,15850
1655,Biker Jacket,Female,Blouse,Geometric,Green,25-35,Spring,76.819999694824219,Cotton,176,42,3.7999999523162842,4,ZARA,15,2022-12-09,103,12,2022,11492
1656,Wool Jacket,Female,Jacket,Geometric,Green,25-35,Summer,48.450000762939453,Wool,328,76,5,2,ZARA,20,2022-12-10,127,12,2022,12713
1657,Summer Dress,Female,Dress,Plain,White,18-24,Winter,61.520000457763672,Cotton,200,42,4.6999998092651367,3,ZARA,10,2022-12-26,86,12,2022,11074
1658,Blouse,Female,Shoes,Geometric,White,35-45,Autumn,31.069999694824219,Synthetic,478,42,4,3,ZARA,10,2022-12-01,111,12,2022,13366
1659,Biker Jacket,Male,Shirt,Polka Dots,Red,18-24,Winter,139.69000244140625,Cotton Blend,125,50,4.8000001907348633,3,ZARA,5,2022-12-12,127,12,2022,16588
1660,Casual Jeans,Female,Shirt,Geometric,White,25-35,Spring,119.86000061035156,Synthetic,215,66,3.5999999046325684,4,ZARA,0,2022-12-15,205,12,2022,25770
